Номер счёта;Расчётный период;Вид услуги;Начислено;Оплачено;Задолженность;Основание начисления
2100004815;2026-06;ХВ;614,94;0,00;614,94;по счётчику
2100004815;2026-06;ХВО;295,17;0,00;295,17;по счётчику
2100004815;2026-07;ХВ;186,93;0,00;186,93;по счётчику
2100004815;2026-07;ХВО;89,73;0,00;89,73;по счётчику
2100004815;2026-08;ХВ;270,12;0,00;270,12;по счётчику
2100004815;2026-08;ХВО;129,66;0,00;129,66;по счётчику
2100015926;2026-06;ХВ;302,10;302,10;0,00;по счётчику
2100015926;2026-06;ХВО;145,01;145,01;0,00;по счётчику
2100015926;2026-07;ХВ;467,75;467,75;0,00;по счётчику
2100015926;2026-07;ХВО;224,52;224,52;0,00;по счётчику
2100015926;2026-08;ХВ;352,10;352,10;0,00;по счётчику
2100015926;2026-08;ХВО;169,01;169,01;0,00;по счётчику
2100026037;2026-06;ХВ;254,07;254,07;0,00;по нормативу
2100026037;2026-06;ХВО;121,95;121,95;0,00;по нормативу
2100026037;2026-06;ГВ;754,82;754,82;0,00;по нормативу
2100026037;2026-06;ГВО;362,31;362,31;0,00;по нормативу
2100026037;2026-07;ХВ;332,45;332,45;0,00;по нормативу
2100026037;2026-07;ХВО;159,58;159,58;0,00;по нормативу
2100026037;2026-07;ГВ;928,77;928,77;0,00;по нормативу
2100026037;2026-07;ГВО;445,81;445,81;0,00;по нормативу
2100026037;2026-08;ХВ;359,54;359,54;0,00;по нормативу
2100026037;2026-08;ХВО;172,58;172,58;0,00;по нормативу
2100026037;2026-08;ГВ;422,04;422,04;0,00;по нормативу
2100026037;2026-08;ГВО;202,58;202,58;0,00;по нормативу
2100037148;2026-06;ХВ;240,42;240,42;0,00;по счётчику
2100037148;2026-06;ХВО;115,40;115,40;0,00;по счётчику
2100037148;2026-07;ХВ;510,55;510,55;0,00;по счётчику
2100037148;2026-07;ХВО;245,06;245,06;0,00;по счётчику
2100037148;2026-08;ХВ;481,97;481,97;0,00;по счётчику
2100037148;2026-08;ХВО;231,35;231,35;0,00;по счётчику
2100048259;2026-06;ХВ;603,70;603,70;0,00;по счётчику
2100048259;2026-06;ХВО;289,78;289,78;0,00;по счётчику
2100048259;2026-07;ХВ;582,64;582,64;0,00;по счётчику
2100048259;2026-07;ХВО;279,67;279,67;0,00;по счётчику
2100048259;2026-08;ХВ;429,84;429,84;0,00;по счётчику
2100048259;2026-08;ХВО;206,32;206,32;0,00;по счётчику
2100059360;2026-06;ХВ;607,14;607,14;0,00;по счётчику
2100059360;2026-06;ХВО;291,43;291,43;0,00;по счётчику
2100059360;2026-07;ХВ;500,59;500,59;0,00;по счётчику
2100059360;2026-07;ХВО;240,28;240,28;0,00;по счётчику
2100059360;2026-08;ХВ;333,30;23,91;309,39;по счётчику
2100059360;2026-08;ХВО;159,98;11,47;148,51;по счётчику
2100060471;2026-06;ХВ;634,31;634,31;0,00;по счётчику
2100060471;2026-06;ХВО;304,47;304,47;0,00;по счётчику
2100060471;2026-07;ХВ;292,13;292,13;0,00;по счётчику
2100060471;2026-07;ХВО;140,22;140,22;0,00;по счётчику
2100060471;2026-08;ХВ;241,54;241,54;0,00;по счётчику
2100060471;2026-08;ХВО;115,94;115,94;0,00;по счётчику
2100071582;2026-06;ХВ;612,46;612,46;0,00;по счётчику
2100071582;2026-06;ХВО;293,98;293,98;0,00;по счётчику
2100071582;2026-07;ХВ;526,85;526,85;0,00;по счётчику
2100071582;2026-07;ХВО;252,89;252,89;0,00;по счётчику
2100071582;2026-08;ХВ;310,38;310,38;0,00;по счётчику
2100071582;2026-08;ХВО;148,98;148,98;0,00;по счётчику
2100093704;2026-06;ХВ;543,48;543,48;0,00;по нормативу
2100093704;2026-06;ХВО;260,87;260,87;0,00;по нормативу
2100093704;2026-07;ХВ;542,61;542,61;0,00;по нормативу
2100093704;2026-07;ХВО;260,45;260,45;0,00;по нормативу
2100093704;2026-08;ХВ;232,56;232,56;0,00;по нормативу
2100093704;2026-08;ХВО;111,63;111,63;0,00;по нормативу
2100100910;2026-06;ХВ;621,14;621,14;0,00;перерасчёт
2100100910;2026-06;ХВО;298,15;298,15;0,00;перерасчёт
2100100910;2026-07;ХВ;384,50;372,51;11,99;по счётчику
2100100910;2026-07;ХВО;184,56;178,81;5,75;по счётчику
2100100910;2026-08;ХВ;212,19;0,00;212,19;по счётчику
2100100910;2026-08;ХВО;101,85;0,00;101,85;по счётчику
2100101112;2026-06;ХВ;227,68;227,68;0,00;по счётчику
2100101112;2026-06;ХВО;109,29;109,29;0,00;по счётчику
2100101112;2026-07;ХВ;550,97;550,97;0,00;по счётчику
2100101112;2026-07;ХВО;264,47;264,47;0,00;по счётчику
2100101112;2026-08;ХВ;206,23;206,23;0,00;по счётчику
2100101112;2026-08;ХВО;98,99;98,99;0,00;по счётчику
2100104815;2026-06;ХВ;186,65;186,65;0,00;по счётчику
2100104815;2026-06;ХВО;89,59;89,59;0,00;по счётчику
2100104815;2026-07;ХВ;318,12;318,12;0,00;по счётчику
2100104815;2026-07;ХВО;152,70;152,70;0,00;по счётчику
2100104815;2026-08;ХВ;567,54;567,54;0,00;по счётчику
2100104815;2026-08;ХВО;272,42;272,42;0,00;по счётчику
2100110021;2026-06;ХВ;568,88;568,88;0,00;по нормативу
2100110021;2026-06;ХВО;273,06;273,06;0,00;по нормативу
2100110021;2026-06;Полив;213,92;213,92;0,00;по нормативу
2100110021;2026-07;ХВ;284,74;284,74;0,00;по нормативу
2100110021;2026-07;ХВО;136,68;136,68;0,00;по нормативу
2100110021;2026-07;Полив;113,65;113,65;0,00;по нормативу
2100110021;2026-08;ХВ;625,01;625,01;0,00;по нормативу
2100110021;2026-08;ХВО;300,00;300,00;0,00;по нормативу
2100110021;2026-08;Полив;146,88;146,88;0,00;по нормативу
2100111011;2026-06;ХВ;402,37;402,37;0,00;по нормативу
2100111011;2026-06;ХВО;193,14;193,14;0,00;по нормативу
2100111011;2026-07;ХВ;284,32;284,32;0,00;по нормативу
2100111011;2026-07;ХВО;136,47;136,47;0,00;по нормативу
2100111011;2026-08;ХВ;240,03;240,03;0,00;по нормативу
2100111011;2026-08;ХВО;115,21;115,21;0,00;по нормативу
2100121122;2026-06;ХВ;401,64;401,64;0,00;по счётчику
2100121122;2026-06;ХВО;192,79;192,79;0,00;по счётчику
2100121122;2026-07;ХВ;512,23;512,23;0,00;по счётчику
2100121122;2026-07;ХВО;245,87;245,87;0,00;по счётчику
2100121122;2026-08;ХВ;280,91;280,91;0,00;по счётчику
2100121122;2026-08;ХВО;134,84;134,84;0,00;по счётчику
2100126037;2026-06;ХВ;490,18;490,18;0,00;по нормативу
2100126037;2026-06;ХВО;235,29;235,29;0,00;по нормативу
2100126037;2026-06;ГВ;900,44;900,44;0,00;по нормативу
2100126037;2026-06;ГВО;432,21;432,21;0,00;по нормативу
2100126037;2026-07;ХВ;231,26;231,26;0,00;по нормативу
2100126037;2026-07;ХВО;111,00;111,00;0,00;по нормативу
2100126037;2026-07;ГВ;930,27;930,27;0,00;по нормативу
2100126037;2026-07;ГВО;446,53;446,53;0,00;по нормативу
2100126037;2026-08;ХВ;285,72;285,72;0,00;по нормативу
2100126037;2026-08;ХВО;137,15;137,15;0,00;по нормативу
2100126037;2026-08;ГВ;732,96;732,96;0,00;по нормативу
2100126037;2026-08;ГВО;351,82;351,82;0,00;по нормативу
2100131223;2026-06;ХВ;313,50;0,00;313,50;по счётчику
2100131223;2026-06;ХВО;150,48;0,00;150,48;по счётчику
2100131223;2026-07;ХВ;628,78;0,00;628,78;по счётчику
2100131223;2026-07;ХВО;301,81;0,00;301,81;по счётчику
2100131223;2026-08;ХВ;511,13;0,00;511,13;по счётчику
2100131223;2026-08;ХВО;245,34;0,00;245,34;по счётчику
2100137148;2026-06;ХВ;263,43;263,43;0,00;по счётчику
2100137148;2026-06;ХВО;126,45;126,45;0,00;по счётчику
2100137148;2026-06;Полив;191,51;191,51;0,00;по нормативу
2100137148;2026-07;ХВ;529,26;529,26;0,00;по счётчику
2100137148;2026-07;ХВО;254,04;254,04;0,00;по счётчику
2100137148;2026-07;Полив;252,28;252,28;0,00;по нормативу
2100137148;2026-08;ХВ;639,44;639,44;0,00;по счётчику
2100137148;2026-08;ХВО;306,93;306,93;0,00;по счётчику
2100137148;2026-08;Полив;143,46;143,46;0,00;по нормативу
2100141324;2026-06;ХВ;445,46;445,46;0,00;по нормативу
2100141324;2026-06;ХВО;213,82;213,82;0,00;по нормативу
2100141324;2026-06;ГВ;829,38;829,38;0,00;по нормативу
2100141324;2026-06;ГВО;398,10;398,10;0,00;по нормативу
2100141324;2026-07;ХВ;568,34;568,34;0,00;по нормативу
2100141324;2026-07;ХВО;272,80;272,80;0,00;по нормативу
2100141324;2026-07;ГВ;890,08;890,08;0,00;перерасчёт
2100141324;2026-07;ГВО;427,24;427,24;0,00;перерасчёт
2100141324;2026-08;ХВ;433,89;433,89;0,00;по нормативу
2100141324;2026-08;ХВО;208,27;208,27;0,00;по нормативу
2100141324;2026-08;ГВ;886,19;886,19;0,00;по нормативу
2100141324;2026-08;ГВО;425,37;425,37;0,00;по нормативу
2100148259;2026-06;ХВ;232,26;232,26;0,00;по счётчику
2100148259;2026-06;ХВО;111,48;111,48;0,00;по счётчику
2100148259;2026-07;ХВ;203,99;203,99;0,00;по счётчику
2100148259;2026-07;ХВО;97,92;97,92;0,00;по счётчику
2100148259;2026-08;ХВ;260,04;260,04;0,00;по счётчику
2100148259;2026-08;ХВО;124,82;124,82;0,00;по счётчику
2100159360;2026-06;ХВ;576,79;576,79;0,00;по счётчику
2100159360;2026-06;ХВО;276,86;276,86;0,00;по счётчику
2100159360;2026-06;Полив;178,84;178,84;0,00;по нормативу
2100159360;2026-07;ХВ;314,40;209,69;104,71;по счётчику
2100159360;2026-07;ХВО;150,91;100,65;50,26;по счётчику
2100159360;2026-07;Полив;207,83;138,61;69,22;по нормативу
2100159360;2026-08;ХВ;299,69;0,00;299,69;по счётчику
2100159360;2026-08;ХВО;143,85;0,00;143,85;по счётчику
2100159360;2026-08;Полив;228,01;0,00;228,01;по нормативу
2100160471;2026-06;ХВ;228,34;228,34;0,00;по счётчику
2100160471;2026-06;ХВО;109,60;109,60;0,00;по счётчику
2100160471;2026-07;ХВ;616,62;616,62;0,00;по счётчику
2100160471;2026-07;ХВО;295,98;295,98;0,00;по счётчику
2100160471;2026-08;ХВ;214,91;214,91;0,00;по счётчику
2100160471;2026-08;ХВО;103,16;103,16;0,00;по счётчику
2100161526;2026-06;ХВ;279,60;279,60;0,00;по счётчику
2100161526;2026-06;ХВО;134,21;134,21;0,00;по счётчику
2100161526;2026-07;ХВ;363,20;363,20;0,00;по счётчику
2100161526;2026-07;ХВО;174,34;174,34;0,00;по счётчику
2100161526;2026-08;ХВ;518,88;518,88;0,00;по счётчику
2100161526;2026-08;ХВО;249,06;249,06;0,00;по счётчику
2100171627;2026-06;ХВ;469,73;469,73;0,00;по счётчику
2100171627;2026-06;ХВО;225,47;225,47;0,00;по счётчику
2100171627;2026-07;ХВ;638,83;497,28;141,55;по счётчику
2100171627;2026-07;ХВО;306,64;238,70;67,94;по счётчику
2100171627;2026-08;ХВ;361,86;0,00;361,86;по счётчику
2100171627;2026-08;ХВО;173,69;0,00;173,69;по счётчику
2100181728;2026-06;ХВ;298,53;298,53;0,00;по счётчику
2100181728;2026-06;ХВО;143,29;143,29;0,00;по счётчику
2100181728;2026-07;ХВ;236,68;236,68;0,00;по счётчику
2100181728;2026-07;ХВО;113,61;113,61;0,00;по счётчику
2100181728;2026-08;ХВ;369,62;369,62;0,00;перерасчёт
2100181728;2026-08;ХВО;177,42;177,42;0,00;перерасчёт
2100182693;2026-06;ХВ;605,48;565,79;39,69;по счётчику
2100182693;2026-06;ХВО;290,63;271,58;19,05;по счётчику
2100182693;2026-06;Полив;136,87;127,90;8,97;по нормативу
2100182693;2026-07;ХВ;228,18;0,00;228,18;по счётчику
2100182693;2026-07;ХВО;109,53;0,00;109,53;по счётчику
2100182693;2026-07;Полив;195,01;0,00;195,01;по нормативу
2100182693;2026-08;ХВ;608,99;0,00;608,99;по счётчику
2100182693;2026-08;ХВО;292,32;0,00;292,32;по счётчику
2100182693;2026-08;Полив;140,34;0,00;140,34;по нормативу
2100191829;2026-06;ХВ;537,08;537,08;0,00;по счётчику
2100191829;2026-06;ХВО;257,80;257,80;0,00;по счётчику
2100191829;2026-07;ХВ;529,27;529,27;0,00;по счётчику
2100191829;2026-07;ХВО;254,05;254,05;0,00;по счётчику
2100191829;2026-08;ХВ;490,83;490,83;0,00;по счётчику
2100191829;2026-08;ХВО;235,60;235,60;0,00;по счётчику
2100193704;2026-06;ХВ;545,78;545,78;0,00;по нормативу
2100193704;2026-06;ХВО;261,97;261,97;0,00;по нормативу
2100193704;2026-07;ХВ;457,67;457,67;0,00;по нормативу
2100193704;2026-07;ХВО;219,68;219,68;0,00;по нормативу
2100193704;2026-08;ХВ;402,49;402,49;0,00;по нормативу
2100193704;2026-08;ХВО;193,20;193,20;0,00;по нормативу
2100201930;2026-06;ХВ;244,44;244,44;0,00;по счётчику
2100201930;2026-06;ХВО;117,33;117,33;0,00;по счётчику
2100201930;2026-07;ХВ;576,65;576,65;0,00;по счётчику
2100201930;2026-07;ХВО;276,79;276,79;0,00;по счётчику
2100201930;2026-08;ХВ;432,46;432,46;0,00;по счётчику
2100201930;2026-08;ХВО;207,58;207,58;0,00;по счётчику
2100202213;2026-06;ХВ;474,42;474,42;0,00;по нормативу
2100202213;2026-06;ХВО;227,72;227,72;0,00;по нормативу
2100202213;2026-06;ГВ;818,24;818,24;0,00;по нормативу
2100202213;2026-06;ГВО;392,76;392,76;0,00;по нормативу
2100202213;2026-07;ХВ;288,70;288,70;0,00;по нормативу
2100202213;2026-07;ХВО;138,58;138,58;0,00;по нормативу
2100202213;2026-07;ГВ;662,93;662,93;0,00;по нормативу
2100202213;2026-07;ГВО;318,21;318,21;0,00;по нормативу
2100202213;2026-08;ХВ;588,20;226,69;361,51;по нормативу
2100202213;2026-08;ХВО;282,34;108,81;173,53;по нормативу
2100202213;2026-08;ГВ;786,02;302,93;483,09;по нормативу
2100202213;2026-08;ГВО;377,29;145,42;231,87;по нормативу
2100204815;2026-06;ХВ;554,01;554,01;0,00;по счётчику
2100204815;2026-06;ХВО;265,92;265,92;0,00;по счётчику
2100204815;2026-07;ХВ;605,67;605,67;0,00;по счётчику
2100204815;2026-07;ХВО;290,72;290,72;0,00;по счётчику
2100204815;2026-08;ХВ;635,20;635,20;0,00;по счётчику
2100204815;2026-08;ХВО;304,90;304,90;0,00;по счётчику
2100212031;2026-06;ХВ;428,86;0,00;428,86;по нормативу
2100212031;2026-06;ХВО;205,85;0,00;205,85;по нормативу
2100212031;2026-07;ХВ;200,75;0,00;200,75;по нормативу
2100212031;2026-07;ХВО;96,36;0,00;96,36;по нормативу
2100212031;2026-08;ХВ;399,95;0,00;399,95;по нормативу
2100212031;2026-08;ХВО;191,98;0,00;191,98;по нормативу
2100223132;2026-06;ХВ;447,45;447,45;0,00;по счётчику
2100223132;2026-06;ХВО;214,78;214,78;0,00;по счётчику
2100223132;2026-07;ХВ;569,20;569,20;0,00;по счётчику
2100223132;2026-07;ХВО;273,22;273,22;0,00;по счётчику
2100223132;2026-08;ХВ;473,94;473,94;0,00;по счётчику
2100223132;2026-08;ХВО;227,49;227,49;0,00;по счётчику
2100233233;2026-06;ХВ;212,22;212,22;0,00;по счётчику
2100233233;2026-06;ХВО;101,87;101,87;0,00;по счётчику
2100233233;2026-07;ХВ;248,10;248,10;0,00;по счётчику
2100233233;2026-07;ХВО;119,09;119,09;0,00;по счётчику
2100233233;2026-08;ХВ;479,33;479,33;0,00;по счётчику
2100233233;2026-08;ХВО;230,08;230,08;0,00;по счётчику
2100243334;2026-06;ХВ;551,36;551,36;0,00;по нормативу
2100243334;2026-06;ХВО;264,65;264,65;0,00;по нормативу
2100243334;2026-06;ГВ;715,72;715,72;0,00;по нормативу
2100243334;2026-06;ГВО;343,55;343,55;0,00;по нормативу
2100243334;2026-06;Полив;108,45;108,45;0,00;по нормативу
2100243334;2026-07;ХВ;300,09;300,09;0,00;по нормативу
2100243334;2026-07;ХВО;144,04;144,04;0,00;по нормативу
2100243334;2026-07;ГВ;581,46;581,46;0,00;по нормативу
2100243334;2026-07;ГВО;279,10;279,10;0,00;по нормативу
2100243334;2026-07;Полив;148,79;148,79;0,00;по нормативу
2100243334;2026-08;ХВ;439,86;278,47;161,39;по нормативу
2100243334;2026-08;ХВО;211,13;133,66;77,47;по нормативу
2100243334;2026-08;ГВ;409,58;259,30;150,28;по нормативу
2100243334;2026-08;ГВО;196,60;124,46;72,14;по нормативу
2100243334;2026-08;Полив;127,33;80,61;46,72;по нормативу
2100248259;2026-06;ХВ;628,66;628,66;0,00;по счётчику
2100248259;2026-06;ХВО;301,76;301,76;0,00;по счётчику
2100248259;2026-06;Полив;220,51;220,51;0,00;по нормативу
2100248259;2026-07;ХВ;445,82;445,82;0,00;по счётчику
2100248259;2026-07;ХВО;213,99;213,99;0,00;по счётчику
2100248259;2026-07;Полив;256,57;256,57;0,00;по нормативу
2100248259;2026-08;ХВ;566,55;566,55;0,00;по счётчику
2100248259;2026-08;ХВО;271,94;271,94;0,00;по счётчику
2100248259;2026-08;Полив;107,96;107,96;0,00;по нормативу
2100253435;2026-06;ХВ;456,12;456,12;0,00;по счётчику
2100253435;2026-06;ХВО;218,94;218,94;0,00;по счётчику
2100253435;2026-07;ХВ;627,63;627,63;0,00;по счётчику
2100253435;2026-07;ХВО;301,26;301,26;0,00;по счётчику
2100253435;2026-08;ХВ;263,43;263,43;0,00;по счётчику
2100253435;2026-08;ХВО;126,45;126,45;0,00;по счётчику
2100259360;2026-06;ХВ;605,51;605,51;0,00;по счётчику
2100259360;2026-06;ХВО;290,64;290,64;0,00;по счётчику
2100259360;2026-06;Полив;159,37;159,37;0,00;по нормативу
2100259360;2026-07;ХВ;467,49;467,49;0,00;по счётчику
2100259360;2026-07;ХВО;224,40;224,40;0,00;по счётчику
2100259360;2026-07;Полив;190,07;190,07;0,00;по нормативу
2100259360;2026-08;ХВ;232,01;232,01;0,00;по счётчику
2100259360;2026-08;ХВО;111,36;111,36;0,00;по счётчику
2100259360;2026-08;Полив;196,98;196,98;0,00;по нормативу
2100260471;2026-06;ХВ;445,02;445,02;0,00;по счётчику
2100260471;2026-06;ХВО;213,61;213,61;0,00;по счётчику
2100260471;2026-07;ХВ;244,56;244,56;0,00;по счётчику
2100260471;2026-07;ХВО;117,39;117,39;0,00;по счётчику
2100260471;2026-08;ХВ;538,45;538,45;0,00;по счётчику
2100260471;2026-08;ХВО;258,46;258,46;0,00;по счётчику
2100263536;2026-06;ХВ;429,32;429,32;0,00;по счётчику
2100263536;2026-06;ХВО;206,07;206,07;0,00;по счётчику
2100263536;2026-07;ХВ;614,55;614,55;0,00;по счётчику
2100263536;2026-07;ХВО;294,98;294,98;0,00;по счётчику
2100263536;2026-08;ХВ;435,95;435,95;0,00;по счётчику
2100263536;2026-08;ХВО;209,26;209,26;0,00;по счётчику
2100271582;2026-06;ХВ;229,78;229,78;0,00;по счётчику
2100271582;2026-06;ХВО;110,29;110,29;0,00;по счётчику
2100271582;2026-06;Полив;251,31;251,31;0,00;по нормативу
2100271582;2026-07;ХВ;235,32;235,32;0,00;по счётчику
2100271582;2026-07;ХВО;112,95;112,95;0,00;по счётчику
2100271582;2026-07;Полив;254,12;254,12;0,00;по нормативу
2100271582;2026-08;ХВ;278,47;278,47;0,00;перерасчёт
2100271582;2026-08;ХВО;133,67;133,67;0,00;перерасчёт
2100271582;2026-08;Полив;173,94;173,94;0,00;по нормативу
2100273637;2026-06;ХВ;192,85;192,85;0,00;по счётчику
2100273637;2026-06;ХВО;92,57;92,57;0,00;по счётчику
2100273637;2026-07;ХВ;243,60;243,60;0,00;по счётчику
2100273637;2026-07;ХВО;116,93;116,93;0,00;по счётчику
2100273637;2026-08;ХВ;356,98;356,98;0,00;по счётчику
2100273637;2026-08;ХВО;171,35;171,35;0,00;по счётчику
2100282693;2026-06;ХВ;181,78;181,78;0,00;по счётчику
2100282693;2026-06;ХВО;87,25;87,25;0,00;по счётчику
2100282693;2026-07;ХВ;517,60;517,60;0,00;по счётчику
2100282693;2026-07;ХВО;248,45;248,45;0,00;по счётчику
2100282693;2026-08;ХВ;599,61;599,61;0,00;по счётчику
2100282693;2026-08;ХВО;287,81;287,81;0,00;по счётчику
2100293704;2026-06;ХВ;602,16;602,16;0,00;по нормативу
2100293704;2026-06;ХВО;289,04;289,04;0,00;по нормативу
2100293704;2026-07;ХВ;496,95;496,95;0,00;по нормативу
2100293704;2026-07;ХВО;238,54;238,54;0,00;по нормативу
2100293704;2026-08;ХВ;211,61;211,61;0,00;по нормативу
2100293704;2026-08;ХВО;101,57;101,57;0,00;по нормативу
2100293839;2026-06;ХВ;319,71;319,71;0,00;по счётчику
2100293839;2026-06;ХВО;153,46;153,46;0,00;по счётчику
2100293839;2026-07;ХВ;517,48;517,48;0,00;по счётчику
2100293839;2026-07;ХВО;248,39;248,39;0,00;по счётчику
2100293839;2026-08;ХВ;299,65;299,65;0,00;по счётчику
2100293839;2026-08;ХВО;143,83;143,83;0,00;по счётчику
2100303314;2026-06;ХВ;626,72;626,72;0,00;по счётчику
2100303314;2026-06;ХВО;300,83;300,83;0,00;по счётчику
2100303314;2026-07;ХВ;315,10;315,10;0,00;по счётчику
2100303314;2026-07;ХВО;151,25;151,25;0,00;по счётчику
2100303314;2026-08;ХВ;438,31;438,31;0,00;по счётчику
2100303314;2026-08;ХВО;210,39;210,39;0,00;по счётчику
2100303940;2026-06;ХВ;274,42;274,42;0,00;по счётчику
2100303940;2026-06;ХВО;131,72;131,72;0,00;по счётчику
2100303940;2026-07;ХВ;215,76;215,76;0,00;по счётчику
2100303940;2026-07;ХВО;103,56;103,56;0,00;по счётчику
2100303940;2026-08;ХВ;393,93;393,93;0,00;по счётчику
2100303940;2026-08;ХВО;189,09;189,09;0,00;по счётчику
2100304815;2026-06;ХВ;332,44;332,44;0,00;по счётчику
2100304815;2026-06;ХВО;159,57;159,57;0,00;по счётчику
2100304815;2026-06;Полив;177,85;177,85;0,00;по нормативу
2100304815;2026-07;ХВ;246,54;246,54;0,00;по счётчику
2100304815;2026-07;ХВО;118,34;118,34;0,00;по счётчику
2100304815;2026-07;Полив;170,59;170,59;0,00;по нормативу
2100304815;2026-08;ХВ;403,43;7,63;395,80;по счётчику
2100304815;2026-08;ХВО;193,65;3,66;189,99;по счётчику
2100304815;2026-08;Полив;162,33;3,08;159,25;по нормативу
2100314041;2026-06;ХВ;446,37;446,37;0,00;по нормативу
2100314041;2026-06;ХВО;214,26;214,26;0,00;по нормативу
2100314041;2026-07;ХВ;182,29;182,29;0,00;по нормативу
2100314041;2026-07;ХВО;87,50;87,50;0,00;по нормативу
2100314041;2026-08;ХВ;527,02;527,02;0,00;по нормативу
2100314041;2026-08;ХВО;252,97;252,97;0,00;по нормативу
2100315926;2026-06;ХВ;480,66;480,66;0,00;по счётчику
2100315926;2026-06;ХВО;230,72;230,72;0,00;по счётчику
2100315926;2026-07;ХВ;262,76;262,76;0,00;по счётчику
2100315926;2026-07;ХВО;126,12;126,12;0,00;по счётчику
2100315926;2026-08;ХВ;227,09;227,09;0,00;перерасчёт
2100315926;2026-08;ХВО;109,00;109,00;0,00;перерасчёт
2100324142;2026-06;ХВ;562,65;562,65;0,00;по счётчику
2100324142;2026-06;ХВО;270,07;270,07;0,00;по счётчику
2100324142;2026-07;ХВ;187,61;117,97;69,64;по счётчику
2100324142;2026-07;ХВО;90,05;56,63;33,42;по счётчику
2100324142;2026-08;ХВ;583,88;0,00;583,88;по счётчику
2100324142;2026-08;ХВО;280,26;0,00;280,26;по счётчику
2100326037;2026-06;ХВ;321,81;321,81;0,00;по нормативу
2100326037;2026-06;ХВО;154,47;154,47;0,00;по нормативу
2100326037;2026-06;ГВ;340,00;340,00;0,00;по нормативу
2100326037;2026-06;ГВО;163,20;163,20;0,00;по нормативу
2100326037;2026-07;ХВ;322,17;322,17;0,00;по нормативу
2100326037;2026-07;ХВО;154,64;154,64;0,00;по нормативу
2100326037;2026-07;ГВ;889,75;889,75;0,00;по нормативу
2100326037;2026-07;ГВО;427,08;427,08;0,00;по нормативу
2100326037;2026-08;ХВ;237,03;25,35;211,68;по нормативу
2100326037;2026-08;ХВО;113,77;12,17;101,60;по нормативу
2100326037;2026-08;ГВ;440,69;47,13;393,56;по нормативу
2100326037;2026-08;ГВО;211,53;22,63;188,90;по нормативу
2100334243;2026-06;ХВ;181,35;181,35;0,00;по счётчику
2100334243;2026-06;ХВО;87,05;87,05;0,00;по счётчику
2100334243;2026-06;Полив;163,17;163,17;0,00;по нормативу
2100334243;2026-07;ХВ;430,22;430,22;0,00;по счётчику
2100334243;2026-07;ХВО;206,51;206,51;0,00;по счётчику
2100334243;2026-07;Полив;133,20;133,20;0,00;по нормативу
2100334243;2026-08;ХВ;197,38;197,38;0,00;по счётчику
2100334243;2026-08;ХВО;94,74;94,74;0,00;по счётчику
2100334243;2026-08;Полив;206,41;206,41;0,00;по нормативу
2100337148;2026-06;ХВ;527,54;527,54;0,00;по счётчику
2100337148;2026-06;ХВО;253,22;253,22;0,00;по счётчику
2100337148;2026-06;Полив;129,07;129,07;0,00;по нормативу
2100337148;2026-07;ХВ;484,37;484,37;0,00;по счётчику
2100337148;2026-07;ХВО;232,50;232,50;0,00;по счётчику
2100337148;2026-07;Полив;204,21;204,21;0,00;по нормативу
2100337148;2026-08;ХВ;355,51;355,51;0,00;по счётчику
2100337148;2026-08;ХВО;170,64;170,64;0,00;по счётчику
2100337148;2026-08;Полив;104,67;104,67;0,00;по нормативу
2100344344;2026-06;ХВ;406,32;406,32;0,00;перерасчёт
2100344344;2026-06;ХВО;195,03;195,03;0,00;перерасчёт
2100344344;2026-06;ГВ;660,63;660,63;0,00;по нормативу
2100344344;2026-06;ГВО;317,10;317,10;0,00;по нормативу
2100344344;2026-07;ХВ;298,15;298,15;0,00;по нормативу
2100344344;2026-07;ХВО;143,11;143,11;0,00;по нормативу
2100344344;2026-07;ГВ;471,66;471,66;0,00;по нормативу
2100344344;2026-07;ГВО;226,40;226,40;0,00;по нормативу
2100344344;2026-08;ХВ;497,43;497,43;0,00;по нормативу
2100344344;2026-08;ХВО;238,77;238,77;0,00;по нормативу
2100344344;2026-08;ГВ;361,31;361,31;0,00;по нормативу
2100344344;2026-08;ГВО;173,43;173,43;0,00;по нормативу
2100348259;2026-06;ХВ;557,49;557,49;0,00;по счётчику
2100348259;2026-06;ХВО;267,60;267,60;0,00;по счётчику
2100348259;2026-06;Полив;194,13;194,13;0,00;по нормативу
2100348259;2026-07;ХВ;444,87;444,87;0,00;по счётчику
2100348259;2026-07;ХВО;213,54;213,54;0,00;по счётчику
2100348259;2026-07;Полив;184,81;184,81;0,00;по нормативу
2100348259;2026-08;ХВ;261,06;261,06;0,00;по счётчику
2100348259;2026-08;ХВО;125,31;125,31;0,00;по счётчику
2100348259;2026-08;Полив;120,31;120,31;0,00;по нормативу
2100354445;2026-06;ХВ;207,08;207,08;0,00;по счётчику
2100354445;2026-06;ХВО;99,40;99,40;0,00;по счётчику
2100354445;2026-06;Полив;255,72;255,72;0,00;по нормативу
2100354445;2026-07;ХВ;505,28;505,28;0,00;по счётчику
2100354445;2026-07;ХВО;242,53;242,53;0,00;по счётчику
2100354445;2026-07;Полив;113,99;113,99;0,00;по нормативу
2100354445;2026-08;ХВ;223,79;223,79;0,00;по счётчику
2100354445;2026-08;ХВО;107,42;107,42;0,00;по счётчику
2100354445;2026-08;Полив;149,27;149,27;0,00;по нормативу
2100359360;2026-06;ХВ;365,21;365,21;0,00;по счётчику
2100359360;2026-06;ХВО;175,30;175,30;0,00;по счётчику
2100359360;2026-06;Полив;231,41;231,41;0,00;по нормативу
2100359360;2026-07;ХВ;425,26;425,26;0,00;по счётчику
2100359360;2026-07;ХВО;204,12;204,12;0,00;по счётчику
2100359360;2026-07;Полив;210,90;210,90;0,00;по нормативу
2100359360;2026-08;ХВ;293,66;64,91;228,75;по счётчику
2100359360;2026-08;ХВО;140,96;31,16;109,80;по счётчику
2100359360;2026-08;Полив;217,54;48,09;169,45;по нормативу
2100360471;2026-06;ХВ;347,04;347,04;0,00;по счётчику
2100360471;2026-06;ХВО;166,58;166,58;0,00;по счётчику
2100360471;2026-07;ХВ;316,69;316,69;0,00;по счётчику
2100360471;2026-07;ХВО;152,01;152,01;0,00;по счётчику
2100360471;2026-08;ХВ;295,27;295,27;0,00;по счётчику
2100360471;2026-08;ХВО;141,73;141,73;0,00;по счётчику
2100364546;2026-06;ХВ;210,94;210,94;0,00;по счётчику
2100364546;2026-06;ХВО;101,25;101,25;0,00;по счётчику
2100364546;2026-07;ХВ;352,85;352,85;0,00;по счётчику
2100364546;2026-07;ХВО;169,37;169,37;0,00;по счётчику
2100364546;2026-08;ХВ;323,36;323,36;0,00;по счётчику
2100364546;2026-08;ХВО;155,21;155,21;0,00;по счётчику
2100371582;2026-06;ХВ;211,12;211,12;0,00;по счётчику
2100371582;2026-06;ХВО;101,34;101,34;0,00;по счётчику
2100371582;2026-07;ХВ;378,90;378,90;0,00;по счётчику
2100371582;2026-07;ХВО;181,87;181,87;0,00;по счётчику
2100371582;2026-08;ХВ;233,81;233,81;0,00;по счётчику
2100371582;2026-08;ХВО;112,23;112,23;0,00;по счётчику
2100374647;2026-06;ХВ;482,27;195,04;287,23;по нормативу
2100374647;2026-06;ХВО;231,49;93,62;137,87;по нормативу
2100374647;2026-06;ГВ;647,45;261,84;385,61;по нормативу
2100374647;2026-06;ГВО;310,78;125,68;185,10;по нормативу
2100374647;2026-07;ХВ;318,94;0,00;318,94;по нормативу
2100374647;2026-07;ХВО;153,09;0,00;153,09;по нормативу
2100374647;2026-07;ГВ;898,65;0,00;898,65;по нормативу
2100374647;2026-07;ГВО;431,35;0,00;431,35;по нормативу
2100374647;2026-08;ХВ;207,20;0,00;207,20;по нормативу
2100374647;2026-08;ХВО;99,46;0,00;99,46;по нормативу
2100374647;2026-08;ГВ;385,47;0,00;385,47;по нормативу
2100374647;2026-08;ГВО;185,03;0,00;185,03;по нормативу
2100382693;2026-06;ХВ;573,84;573,84;0,00;по счётчику
2100382693;2026-06;ХВО;275,44;275,44;0,00;по счётчику
2100382693;2026-06;Полив;163,34;163,34;0,00;по нормативу
2100382693;2026-07;ХВ;557,58;557,58;0,00;по счётчику
2100382693;2026-07;ХВО;267,64;267,64;0,00;по счётчику
2100382693;2026-07;Полив;153,39;153,39;0,00;по нормативу
2100382693;2026-08;ХВ;415,42;415,42;0,00;по счётчику
2100382693;2026-08;ХВО;199,40;199,40;0,00;по счётчику
2100382693;2026-08;Полив;192,75;192,75;0,00;по нормативу
2100384748;2026-06;ХВ;430,13;430,13;0,00;по счётчику
2100384748;2026-06;ХВО;206,46;206,46;0,00;по счётчику
2100384748;2026-07;ХВ;449,24;449,24;0,00;по счётчику
2100384748;2026-07;ХВО;215,64;215,64;0,00;по счётчику
2100384748;2026-08;ХВ;269,11;269,11;0,00;по счётчику
2100384748;2026-08;ХВО;129,17;129,17;0,00;по счётчику
2100393704;2026-06;ХВ;340,57;340,57;0,00;по нормативу
2100393704;2026-06;ХВО;163,47;163,47;0,00;по нормативу
2100393704;2026-07;ХВ;323,40;323,40;0,00;по нормативу
2100393704;2026-07;ХВО;155,23;155,23;0,00;по нормативу
2100393704;2026-08;ХВ;527,75;527,75;0,00;по нормативу
2100393704;2026-08;ХВО;253,32;253,32;0,00;по нормативу
2100394849;2026-06;ХВ;607,87;607,87;0,00;по счётчику
2100394849;2026-06;ХВО;291,78;291,78;0,00;по счётчику
2100394849;2026-07;ХВ;602,21;602,21;0,00;по счётчику
2100394849;2026-07;ХВО;289,06;289,06;0,00;по счётчику
2100394849;2026-08;ХВ;526,20;526,20;0,00;перерасчёт
2100394849;2026-08;ХВО;252,58;252,58;0,00;перерасчёт
2100404415;2026-06;ХВ;358,27;358,27;0,00;по счётчику
2100404415;2026-06;ХВО;171,97;171,97;0,00;по счётчику
2100404415;2026-07;ХВ;418,00;418,00;0,00;по счётчику
2100404415;2026-07;ХВО;200,64;200,64;0,00;по счётчику
2100404415;2026-08;ХВ;578,63;578,63;0,00;по счётчику
2100404415;2026-08;ХВО;277,74;277,74;0,00;по счётчику
2100404815;2026-06;ХВ;294,97;294,97;0,00;по счётчику
2100404815;2026-06;ХВО;141,59;141,59;0,00;по счётчику
2100404815;2026-07;ХВ;432,09;432,09;0,00;по счётчику
2100404815;2026-07;ХВО;207,40;207,40;0,00;по счётчику
2100404815;2026-08;ХВ;307,90;307,90;0,00;по счётчику
2100404815;2026-08;ХВО;147,79;147,79;0,00;по счётчику
2100404950;2026-06;ХВ;401,39;401,39;0,00;по счётчику
2100404950;2026-06;ХВО;192,67;192,67;0,00;по счётчику
2100404950;2026-06;Полив;215,37;215,37;0,00;по нормативу
2100404950;2026-07;ХВ;503,43;503,43;0,00;по счётчику
2100404950;2026-07;ХВО;241,65;241,65;0,00;по счётчику
2100404950;2026-07;Полив;186,14;186,14;0,00;по нормативу
2100404950;2026-08;ХВ;507,35;271,23;236,12;по счётчику
2100404950;2026-08;ХВО;243,53;130,19;113,34;по счётчику
2100404950;2026-08;Полив;232,99;124,55;108,44;по нормативу
2100415051;2026-06;ХВ;317,43;317,43;0,00;по нормативу
2100415051;2026-06;ХВО;152,37;152,37;0,00;по нормативу
2100415051;2026-07;ХВ;506,10;506,10;0,00;по нормативу
2100415051;2026-07;ХВО;242,93;242,93;0,00;по нормативу
2100415051;2026-08;ХВ;344,68;344,68;0,00;по нормативу
2100415051;2026-08;ХВО;165,45;165,45;0,00;по нормативу
2100415926;2026-06;ХВ;616,74;616,74;0,00;по счётчику
2100415926;2026-06;ХВО;296,04;296,04;0,00;по счётчику
2100415926;2026-07;ХВ;547,00;547,00;0,00;по счётчику
2100415926;2026-07;ХВО;262,56;262,56;0,00;по счётчику
2100415926;2026-08;ХВ;234,61;234,61;0,00;по счётчику
2100415926;2026-08;ХВО;112,61;112,61;0,00;по счётчику
2100425152;2026-06;ХВ;627,63;627,63;0,00;по счётчику
2100425152;2026-06;ХВО;301,26;301,26;0,00;по счётчику
2100425152;2026-07;ХВ;271,64;271,64;0,00;перерасчёт
2100425152;2026-07;ХВО;130,39;130,39;0,00;перерасчёт
2100425152;2026-08;ХВ;591,77;591,77;0,00;по счётчику
2100425152;2026-08;ХВО;284,05;284,05;0,00;по счётчику
2100426037;2026-06;ХВ;510,09;510,09;0,00;по нормативу
2100426037;2026-06;ХВО;244,84;244,84;0,00;по нормативу
2100426037;2026-06;ГВ;449,97;449,97;0,00;по нормативу
2100426037;2026-06;ГВО;215,99;215,99;0,00;по нормативу
2100426037;2026-07;ХВ;548,05;399,94;148,11;по нормативу
2100426037;2026-07;ХВО;263,06;191,97;71,09;по нормативу
2100426037;2026-07;ГВ;890,20;649,63;240,57;по нормативу
2100426037;2026-07;ГВО;427,30;311,83;115,47;по нормативу
2100426037;2026-08;ХВ;381,79;0,00;381,79;по нормативу
2100426037;2026-08;ХВО;183,26;0,00;183,26;по нормативу
2100426037;2026-08;ГВ;455,01;0,00;455,01;по нормативу
2100426037;2026-08;ГВО;218,40;0,00;218,40;по нормативу
2100435253;2026-06;ХВ;186,66;186,66;0,00;перерасчёт
2100435253;2026-06;ХВО;89,60;89,60;0,00;перерасчёт
2100435253;2026-07;ХВ;309,28;309,28;0,00;по счётчику
2100435253;2026-07;ХВО;148,45;148,45;0,00;по счётчику
2100435253;2026-08;ХВ;237,33;237,33;0,00;по счётчику
2100435253;2026-08;ХВО;113,92;113,92;0,00;по счётчику
2100437148;2026-06;ХВ;446,19;446,19;0,00;по счётчику
2100437148;2026-06;ХВО;214,17;214,17;0,00;по счётчику
2100437148;2026-07;ХВ;365,61;365,61;0,00;по счётчику
2100437148;2026-07;ХВО;175,49;175,49;0,00;по счётчику
2100437148;2026-08;ХВ;230,73;230,73;0,00;по счётчику
2100437148;2026-08;ХВО;110,75;110,75;0,00;по счётчику
2100445354;2026-06;ХВ;419,92;419,92;0,00;по нормативу
2100445354;2026-06;ХВО;201,56;201,56;0,00;по нормативу
2100445354;2026-06;ГВ;404,08;404,08;0,00;по нормативу
2100445354;2026-06;ГВО;193,96;193,96;0,00;по нормативу
2100445354;2026-06;Полив;172,72;172,72;0,00;по нормативу
2100445354;2026-07;ХВ;478,00;478,00;0,00;по нормативу
2100445354;2026-07;ХВО;229,44;229,44;0,00;по нормативу
2100445354;2026-07;ГВ;595,51;595,51;0,00;по нормативу
2100445354;2026-07;ГВО;285,84;285,84;0,00;по нормативу
2100445354;2026-07;Полив;130,06;130,06;0,00;по нормативу
2100445354;2026-08;ХВ;526,46;113,28;413,18;по нормативу
2100445354;2026-08;ХВО;252,70;54,37;198,33;по нормативу
2100445354;2026-08;ГВ;898,08;193,23;704,85;по нормативу
2100445354;2026-08;ГВО;431,08;92,75;338,33;по нормативу
2100445354;2026-08;Полив;202,61;43,60;159,01;по нормативу
2100448259;2026-06;ХВ;564,84;564,84;0,00;по счётчику
2100448259;2026-06;ХВО;271,12;271,12;0,00;по счётчику
2100448259;2026-07;ХВ;376,94;376,94;0,00;по счётчику
2100448259;2026-07;ХВО;180,93;180,93;0,00;по счётчику
2100448259;2026-08;ХВ;512,56;512,56;0,00;по счётчику
2100448259;2026-08;ХВО;246,03;246,03;0,00;по счётчику
2100455455;2026-06;ХВ;408,76;408,76;0,00;перерасчёт
2100455455;2026-06;ХВО;196,20;196,20;0,00;перерасчёт
2100455455;2026-06;Полив;109,85;109,85;0,00;по нормативу
2100455455;2026-07;ХВ;264,44;264,44;0,00;по счётчику
2100455455;2026-07;ХВО;126,93;126,93;0,00;по счётчику
2100455455;2026-07;Полив;140,78;140,78;0,00;по нормативу
2100455455;2026-08;ХВ;277,68;277,68;0,00;по счётчику
2100455455;2026-08;ХВО;133,29;133,29;0,00;по счётчику
2100455455;2026-08;Полив;146,44;146,44;0,00;по нормативу
2100459360;2026-06;ХВ;258,82;258,82;0,00;по счётчику
2100459360;2026-06;ХВО;124,23;124,23;0,00;по счётчику
2100459360;2026-07;ХВ;622,40;622,40;0,00;по счётчику
2100459360;2026-07;ХВО;298,75;298,75;0,00;по счётчику
2100459360;2026-08;ХВ;183,73;183,73;0,00;по счётчику
2100459360;2026-08;ХВО;88,19;88,19;0,00;по счётчику
2100460471;2026-06;ХВ;319,03;319,03;0,00;по счётчику
2100460471;2026-06;ХВО;153,13;153,13;0,00;по счётчику
2100460471;2026-06;Полив;190,68;190,68;0,00;по нормативу
2100460471;2026-07;ХВ;544,91;544,91;0,00;по счётчику
2100460471;2026-07;ХВО;261,56;261,56;0,00;по счётчику
2100460471;2026-07;Полив;149,57;149,57;0,00;по нормативу
2100460471;2026-08;ХВ;264,91;264,91;0,00;по счётчику
2100460471;2026-08;ХВО;127,16;127,16;0,00;по счётчику
2100460471;2026-08;Полив;91,39;91,39;0,00;по нормативу
2100465556;2026-06;ХВ;210,31;210,31;0,00;по счётчику
2100465556;2026-06;ХВО;100,95;100,95;0,00;по счётчику
2100465556;2026-07;ХВ;558,75;558,75;0,00;по счётчику
2100465556;2026-07;ХВО;268,20;268,20;0,00;по счётчику
2100465556;2026-08;ХВ;578,68;578,68;0,00;по счётчику
2100465556;2026-08;ХВО;277,77;277,77;0,00;по счётчику
2100471582;2026-06;ХВ;453,16;14,01;439,15;по счётчику
2100471582;2026-06;ХВО;217,52;6,72;210,80;по счётчику
2100471582;2026-06;Полив;247,55;7,65;239,90;по нормативу
2100471582;2026-07;ХВ;439,60;0,00;439,60;по счётчику
2100471582;2026-07;ХВО;211,01;0,00;211,01;по счётчику
2100471582;2026-07;Полив;205,55;0,00;205,55;по нормативу
2100471582;2026-08;ХВ;313,06;0,00;313,06;по счётчику
2100471582;2026-08;ХВО;150,27;0,00;150,27;по счётчику
2100471582;2026-08;Полив;157,69;0,00;157,69;по нормативу
2100475657;2026-06;ХВ;611,47;611,47;0,00;по счётчику
2100475657;2026-06;ХВО;293,51;293,51;0,00;по счётчику
2100475657;2026-06;Полив;180,25;180,25;0,00;по нормативу
2100475657;2026-07;ХВ;323,77;323,77;0,00;по счётчику
2100475657;2026-07;ХВО;155,41;155,41;0,00;по счётчику
2100475657;2026-07;Полив;161,24;161,24;0,00;по нормативу
2100475657;2026-08;ХВ;646,77;646,77;0,00;по счётчику
2100475657;2026-08;ХВО;310,45;310,45;0,00;по счётчику
2100475657;2026-08;Полив;185,45;185,45;0,00;по нормативу
2100482693;2026-06;ХВ;646,26;646,26;0,00;по счётчику
2100482693;2026-06;ХВО;310,20;310,20;0,00;по счётчику
2100482693;2026-06;Полив;145,89;145,89;0,00;по нормативу
2100482693;2026-07;ХВ;254,69;254,69;0,00;по счётчику
2100482693;2026-07;ХВО;122,25;122,25;0,00;по счётчику
2100482693;2026-07;Полив;204,59;204,59;0,00;по нормативу
2100482693;2026-08;ХВ;535,96;354,86;181,10;по счётчику
2100482693;2026-08;ХВО;257,26;170,33;86,93;по счётчику
2100482693;2026-08;Полив;188,65;124,90;63,75;по нормативу
2100485758;2026-06;ХВ;565,39;565,39;0,00;по счётчику
2100485758;2026-06;ХВО;271,39;271,39;0,00;по счётчику
2100485758;2026-07;ХВ;409,76;409,76;0,00;по счётчику
2100485758;2026-07;ХВО;196,68;196,68;0,00;по счётчику
2100485758;2026-08;ХВ;465,39;465,39;0,00;по счётчику
2100485758;2026-08;ХВО;223,39;223,39;0,00;по счётчику
2100493704;2026-06;ХВ;341,47;341,47;0,00;по нормативу
2100493704;2026-06;ХВО;163,91;163,91;0,00;по нормативу
2100493704;2026-07;ХВ;243,09;243,09;0,00;по нормативу
2100493704;2026-07;ХВО;116,68;116,68;0,00;по нормативу
2100493704;2026-08;ХВ;184,29;184,29;0,00;по нормативу
2100493704;2026-08;ХВО;88,46;88,46;0,00;по нормативу
2100495859;2026-06;ХВ;460,94;460,94;0,00;перерасчёт
2100495859;2026-06;ХВО;221,25;221,25;0,00;перерасчёт
2100495859;2026-06;ГВ;895,13;895,13;0,00;по нормативу
2100495859;2026-06;ГВО;429,66;429,66;0,00;по нормативу
2100495859;2026-07;ХВ;649,41;649,41;0,00;по нормативу
2100495859;2026-07;ХВО;311,72;311,72;0,00;по нормативу
2100495859;2026-07;ГВ;622,37;622,37;0,00;по нормативу
2100495859;2026-07;ГВО;298,74;298,74;0,00;по нормативу
2100495859;2026-08;ХВ;284,21;65,05;219,16;по нормативу
2100495859;2026-08;ХВО;136,42;31,22;105,20;по нормативу
2100495859;2026-08;ГВ;811,06;185,63;625,43;по нормативу
2100495859;2026-08;ГВО;389,31;89,10;300,21;по нормативу
2100504815;2026-06;ХВ;205,61;0,00;205,61;по счётчику
2100504815;2026-06;ХВО;98,69;0,00;98,69;по счётчику
2100504815;2026-07;ХВ;292,99;0,00;292,99;по счётчику
2100504815;2026-07;ХВО;140,64;0,00;140,64;по счётчику
2100504815;2026-08;ХВ;395,59;0,00;395,59;по счётчику
2100504815;2026-08;ХВО;189,88;0,00;189,88;по счётчику
2100505516;2026-06;ХВ;413,85;413,85;0,00;по счётчику
2100505516;2026-06;ХВО;198,65;198,65;0,00;по счётчику
2100505516;2026-07;ХВ;577,68;258,12;319,56;по счётчику
2100505516;2026-07;ХВО;277,29;123,90;153,39;по счётчику
2100505516;2026-08;ХВ;285,67;0,00;285,67;по счётчику
2100505516;2026-08;ХВО;137,12;0,00;137,12;по счётчику
2100505960;2026-06;ХВ;260,36;260,36;0,00;по счётчику
2100505960;2026-06;ХВО;124,97;124,97;0,00;по счётчику
2100505960;2026-07;ХВ;418,63;418,63;0,00;перерасчёт
2100505960;2026-07;ХВО;200,94;200,94;0,00;перерасчёт
2100505960;2026-08;ХВ;483,56;483,56;0,00;перерасчёт
2100505960;2026-08;ХВО;232,11;232,11;0,00;перерасчёт
2100515926;2026-06;ХВ;274,02;274,02;0,00;по счётчику
2100515926;2026-06;ХВО;131,53;131,53;0,00;по счётчику
2100515926;2026-07;ХВ;354,25;354,25;0,00;по счётчику
2100515926;2026-07;ХВО;170,04;170,04;0,00;по счётчику
2100515926;2026-08;ХВ;522,93;522,93;0,00;по счётчику
2100515926;2026-08;ХВО;251,01;251,01;0,00;по счётчику
2100516061;2026-06;ХВ;571,11;571,11;0,00;по нормативу
2100516061;2026-06;ХВО;274,13;274,13;0,00;по нормативу
2100516061;2026-07;ХВ;491,53;491,53;0,00;по нормативу
2100516061;2026-07;ХВО;235,93;235,93;0,00;по нормативу
2100516061;2026-08;ХВ;544,42;544,42;0,00;по нормативу
2100516061;2026-08;ХВО;261,32;261,32;0,00;по нормативу
2100526037;2026-06;ХВ;474,49;474,49;0,00;по нормативу
2100526037;2026-06;ХВО;227,76;227,76;0,00;по нормативу
2100526037;2026-06;ГВ;792,63;792,63;0,00;по нормативу
2100526037;2026-06;ГВО;380,46;380,46;0,00;по нормативу
2100526037;2026-07;ХВ;407,40;407,40;0,00;по нормативу
2100526037;2026-07;ХВО;195,55;195,55;0,00;по нормативу
2100526037;2026-07;ГВ;692,66;692,66;0,00;перерасчёт
2100526037;2026-07;ГВО;332,48;332,48;0,00;перерасчёт
2100526037;2026-08;ХВ;261,24;261,24;0,00;по нормативу
2100526037;2026-08;ХВО;125,40;125,40;0,00;по нормативу
2100526037;2026-08;ГВ;650,44;650,44;0,00;по нормативу
2100526037;2026-08;ГВО;312,21;312,21;0,00;по нормативу
2100537148;2026-06;ХВ;356,87;356,87;0,00;по счётчику
2100537148;2026-06;ХВО;171,30;171,30;0,00;по счётчику
2100537148;2026-07;ХВ;397,32;397,32;0,00;по счётчику
2100537148;2026-07;ХВО;190,71;190,71;0,00;по счётчику
2100537148;2026-08;ХВ;386,38;386,38;0,00;по счётчику
2100537148;2026-08;ХВО;185,46;185,46;0,00;по счётчику
2100546364;2026-06;ХВ;431,41;431,41;0,00;по счётчику
2100546364;2026-06;ХВО;207,08;207,08;0,00;по счётчику
2100546364;2026-07;ХВ;535,04;535,04;0,00;по счётчику
2100546364;2026-07;ХВО;256,82;256,82;0,00;по счётчику
2100546364;2026-08;ХВ;262,73;262,73;0,00;по счётчику
2100546364;2026-08;ХВО;126,11;126,11;0,00;по счётчику
2100548259;2026-06;ХВ;252,80;252,80;0,00;по счётчику
2100548259;2026-06;ХВО;121,34;121,34;0,00;по счётчику
2100548259;2026-07;ХВ;434,24;434,24;0,00;по счётчику
2100548259;2026-07;ХВО;208,44;208,44;0,00;по счётчику
2100548259;2026-08;ХВ;477,13;477,13;0,00;по счётчику
2100548259;2026-08;ХВО;229,02;229,02;0,00;по счётчику
2100556465;2026-06;ХВ;210,44;210,44;0,00;по счётчику
2100556465;2026-06;ХВО;101,01;101,01;0,00;по счётчику
2100556465;2026-06;Полив;178,90;178,90;0,00;по нормативу
2100556465;2026-07;ХВ;500,46;500,46;0,00;по счётчику
2100556465;2026-07;ХВО;240,22;240,22;0,00;по счётчику
2100556465;2026-07;Полив;126,93;126,93;0,00;по нормативу
2100556465;2026-08;ХВ;610,48;610,48;0,00;по счётчику
2100556465;2026-08;ХВО;293,03;293,03;0,00;по счётчику
2100556465;2026-08;Полив;128,52;128,52;0,00;по нормативу
2100559360;2026-06;ХВ;328,81;328,81;0,00;по счётчику
2100559360;2026-06;ХВО;157,83;157,83;0,00;по счётчику
2100559360;2026-06;Полив;236,49;236,49;0,00;по нормативу
2100559360;2026-07;ХВ;187,08;187,08;0,00;по счётчику
2100559360;2026-07;ХВО;89,80;89,80;0,00;по счётчику
2100559360;2026-07;Полив;216,77;216,77;0,00;по нормативу
2100559360;2026-08;ХВ;359,17;111,90;247,27;по счётчику
2100559360;2026-08;ХВО;172,40;53,71;118,69;по счётчику
2100559360;2026-08;Полив;133,55;41,61;91,94;по нормативу
2100560471;2026-06;ХВ;495,34;495,34;0,00;по счётчику
2100560471;2026-06;ХВО;237,76;237,76;0,00;по счётчику
2100560471;2026-07;ХВ;542,12;542,12;0,00;по счётчику
2100560471;2026-07;ХВО;260,22;260,22;0,00;по счётчику
2100560471;2026-08;ХВ;634,04;634,04;0,00;по счётчику
2100560471;2026-08;ХВО;304,34;304,34;0,00;по счётчику
2100571582;2026-06;ХВ;190,90;190,90;0,00;по счётчику
2100571582;2026-06;ХВО;91,63;91,63;0,00;по счётчику
2100571582;2026-07;ХВ;249,46;249,46;0,00;по счётчику
2100571582;2026-07;ХВО;119,74;119,74;0,00;по счётчику
2100571582;2026-08;ХВ;201,25;201,25;0,00;по счётчику
2100571582;2026-08;ХВО;96,60;96,60;0,00;по счётчику
2100576667;2026-06;ХВ;343,30;343,30;0,00;по счётчику
2100576667;2026-06;ХВО;164,78;164,78;0,00;по счётчику
2100576667;2026-06;Полив;258,25;258,25;0,00;по нормативу
2100576667;2026-07;ХВ;608,71;608,71;0,00;по счётчику
2100576667;2026-07;ХВО;292,18;292,18;0,00;по счётчику
2100576667;2026-07;Полив;103,57;103,57;0,00;по нормативу
2100576667;2026-08;ХВ;376,77;376,77;0,00;по счётчику
2100576667;2026-08;ХВО;180,85;180,85;0,00;по счётчику
2100576667;2026-08;Полив;258,32;258,32;0,00;по нормативу
2100586768;2026-06;ХВ;451,31;451,31;0,00;по счётчику
2100586768;2026-06;ХВО;216,63;216,63;0,00;по счётчику
2100586768;2026-07;ХВ;244,99;244,99;0,00;по счётчику
2100586768;2026-07;ХВО;117,60;117,60;0,00;по счётчику
2100586768;2026-08;ХВ;196,51;196,51;0,00;по счётчику
2100586768;2026-08;ХВО;94,32;94,32;0,00;по счётчику
2100593704;2026-06;ХВ;572,45;572,45;0,00;по нормативу
2100593704;2026-06;ХВО;274,78;274,78;0,00;по нормативу
2100593704;2026-07;ХВ;412,77;412,77;0,00;по нормативу
2100593704;2026-07;ХВО;198,13;198,13;0,00;по нормативу
2100593704;2026-08;ХВ;243,29;243,29;0,00;по нормативу
2100593704;2026-08;ХВО;116,78;116,78;0,00;по нормативу
2100606617;2026-06;ХВ;324,56;324,56;0,00;по счётчику
2100606617;2026-06;ХВО;155,79;155,79;0,00;по счётчику
2100606617;2026-07;ХВ;424,26;424,26;0,00;по счётчику
2100606617;2026-07;ХВО;203,64;203,64;0,00;по счётчику
2100606617;2026-08;ХВ;397,27;397,27;0,00;по счётчику
2100606617;2026-08;ХВО;190,69;190,69;0,00;по счётчику
2100606970;2026-06;ХВ;564,60;564,60;0,00;по счётчику
2100606970;2026-06;ХВО;271,01;271,01;0,00;по счётчику
2100606970;2026-07;ХВ;582,80;582,80;0,00;по счётчику
2100606970;2026-07;ХВО;279,74;279,74;0,00;по счётчику
2100606970;2026-08;ХВ;308,90;308,90;0,00;по счётчику
2100606970;2026-08;ХВО;148,27;148,27;0,00;по счётчику
2100615926;2026-06;ХВ;640,20;640,20;0,00;по счётчику
2100615926;2026-06;ХВО;307,30;307,30;0,00;по счётчику
2100615926;2026-06;Полив;202,81;202,81;0,00;по нормативу
2100615926;2026-07;ХВ;600,06;600,06;0,00;по счётчику
2100615926;2026-07;ХВО;288,03;288,03;0,00;по счётчику
2100615926;2026-07;Полив;167,16;167,16;0,00;по нормативу
2100615926;2026-08;ХВ;597,89;597,89;0,00;по счётчику
2100615926;2026-08;ХВО;286,99;286,99;0,00;по счётчику
2100615926;2026-08;Полив;251,69;251,69;0,00;по нормативу
2100617071;2026-06;ХВ;479,95;479,95;0,00;по нормативу
2100617071;2026-06;ХВО;230,38;230,38;0,00;по нормативу
2100617071;2026-07;ХВ;512,29;198,57;313,72;по нормативу
2100617071;2026-07;ХВО;245,90;95,32;150,58;по нормативу
2100617071;2026-08;ХВ;189,69;0,00;189,69;по нормативу
2100617071;2026-08;ХВО;91,05;0,00;91,05;по нормативу
2100626037;2026-06;ХВ;638,03;638,03;0,00;по нормативу
2100626037;2026-06;ХВО;306,25;306,25;0,00;по нормативу
2100626037;2026-06;ГВ;842,07;842,07;0,00;по нормативу
2100626037;2026-06;ГВО;404,19;404,19;0,00;по нормативу
2100626037;2026-06;Полив;221,34;221,34;0,00;по нормативу
2100626037;2026-07;ХВ;393,45;393,45;0,00;по нормативу
2100626037;2026-07;ХВО;188,86;188,86;0,00;по нормативу
2100626037;2026-07;ГВ;584,81;584,81;0,00;по нормативу
2100626037;2026-07;ГВО;280,71;280,71;0,00;по нормативу
2100626037;2026-07;Полив;254,63;254,63;0,00;по нормативу
2100626037;2026-08;ХВ;551,91;247,28;304,63;по нормативу
2100626037;2026-08;ХВО;264,92;118,69;146,23;по нормативу
2100626037;2026-08;ГВ;535,82;240,07;295,75;по нормативу
2100626037;2026-08;ГВО;257,19;115,23;141,96;по нормативу
2100626037;2026-08;Полив;142,45;63,82;78,63;по нормативу
2100627172;2026-06;ХВ;464,48;464,48;0,00;по счётчику
2100627172;2026-06;ХВО;222,95;222,95;0,00;по счётчику
2100627172;2026-07;ХВ;404,05;404,05;0,00;по счётчику
2100627172;2026-07;ХВО;193,94;193,94;0,00;по счётчику
2100627172;2026-08;ХВ;533,29;533,29;0,00;по счётчику
2100627172;2026-08;ХВО;255,98;255,98;0,00;по счётчику
2100637148;2026-06;ХВ;408,71;408,71;0,00;по счётчику
2100637148;2026-06;ХВО;196,18;196,18;0,00;по счётчику
2100637148;2026-06;Полив;174,32;174,32;0,00;по нормативу
2100637148;2026-07;ХВ;495,76;495,76;0,00;по счётчику
2100637148;2026-07;ХВО;237,96;237,96;0,00;по счётчику
2100637148;2026-07;Полив;142,55;142,55;0,00;по нормативу
2100637148;2026-08;ХВ;526,95;526,95;0,00;по счётчику
2100637148;2026-08;ХВО;252,94;252,94;0,00;по счётчику
2100637148;2026-08;Полив;98,05;98,05;0,00;по нормативу
2100637273;2026-06;ХВ;365,49;365,49;0,00;по счётчику
2100637273;2026-06;ХВО;175,44;175,44;0,00;по счётчику
2100637273;2026-06;Полив;145,37;145,37;0,00;по нормативу
2100637273;2026-07;ХВ;464,25;464,25;0,00;по счётчику
2100637273;2026-07;ХВО;222,84;222,84;0,00;по счётчику
2100637273;2026-07;Полив;135,02;135,02;0,00;по нормативу
2100637273;2026-08;ХВ;304,80;304,80;0,00;по счётчику
2100637273;2026-08;ХВО;146,30;146,30;0,00;по счётчику
2100637273;2026-08;Полив;213,83;213,83;0,00;по нормативу
2100647374;2026-06;ХВ;451,90;451,90;0,00;по нормативу
2100647374;2026-06;ХВО;216,91;216,91;0,00;по нормативу
2100647374;2026-06;ГВ;591,09;591,09;0,00;по нормативу
2100647374;2026-06;ГВО;283,72;283,72;0,00;по нормативу
2100647374;2026-07;ХВ;295,80;295,80;0,00;по нормативу
2100647374;2026-07;ХВО;141,98;141,98;0,00;по нормативу
2100647374;2026-07;ГВ;949,78;949,78;0,00;по нормативу
2100647374;2026-07;ГВО;455,89;455,89;0,00;по нормативу
2100647374;2026-08;ХВ;184,05;130,30;53,75;по нормативу
2100647374;2026-08;ХВО;88,34;62,54;25,80;по нормативу
2100647374;2026-08;ГВ;583,57;413,14;170,43;по нормативу
2100647374;2026-08;ГВО;280,11;198,31;81,80;по нормативу
2100648259;2026-06;ХВ;591,07;591,07;0,00;по счётчику
2100648259;2026-06;ХВО;283,71;283,71;0,00;по счётчику
2100648259;2026-07;ХВ;387,13;387,13;0,00;по счётчику
2100648259;2026-07;ХВО;185,82;185,82;0,00;по счётчику
2100648259;2026-08;ХВ;478,94;478,94;0,00;по счётчику
2100648259;2026-08;ХВО;229,89;229,89;0,00;по счётчику
2100657475;2026-06;ХВ;404,43;404,43;0,00;по счётчику
2100657475;2026-06;ХВО;194,13;194,13;0,00;по счётчику
2100657475;2026-06;Полив;230,13;230,13;0,00;по нормативу
2100657475;2026-07;ХВ;382,60;382,60;0,00;по счётчику
2100657475;2026-07;ХВО;183,65;183,65;0,00;по счётчику
2100657475;2026-07;Полив;191,12;191,12;0,00;по нормативу
2100657475;2026-08;ХВ;180,92;180,92;0,00;по счётчику
2100657475;2026-08;ХВО;86,84;86,84;0,00;по счётчику
2100657475;2026-08;Полив;231,87;231,87;0,00;по нормативу
2100659360;2026-06;ХВ;241,86;241,86;0,00;по счётчику
2100659360;2026-06;ХВО;116,09;116,09;0,00;по счётчику
2100659360;2026-06;Полив;177,27;177,27;0,00;по нормативу
2100659360;2026-07;ХВ;330,76;330,76;0,00;по счётчику
2100659360;2026-07;ХВО;158,76;158,76;0,00;по счётчику
2100659360;2026-07;Полив;173,83;173,83;0,00;по нормативу
2100659360;2026-08;ХВ;521,85;521,85;0,00;по счётчику
2100659360;2026-08;ХВО;250,49;250,49;0,00;по счётчику
2100659360;2026-08;Полив;118,13;118,13;0,00;по нормативу
2100660471;2026-06;ХВ;391,95;391,95;0,00;по счётчику
2100660471;2026-06;ХВО;188,14;188,14;0,00;по счётчику
2100660471;2026-07;ХВ;452,20;452,20;0,00;по счётчику
2100660471;2026-07;ХВО;217,06;217,06;0,00;по счётчику
2100660471;2026-08;ХВ;185,03;185,03;0,00;по счётчику
2100660471;2026-08;ХВО;88,81;88,81;0,00;по счётчику
2100667576;2026-06;ХВ;287,13;287,13;0,00;по счётчику
2100667576;2026-06;ХВО;137,82;137,82;0,00;по счётчику
2100667576;2026-06;Полив;212,98;212,98;0,00;по нормативу
2100667576;2026-07;ХВ;250,81;250,81;0,00;по счётчику
2100667576;2026-07;ХВО;120,39;120,39;0,00;по счётчику
2100667576;2026-07;Полив;156,82;156,82;0,00;по нормативу
2100667576;2026-08;ХВ;592,72;592,72;0,00;по счётчику
2100667576;2026-08;ХВО;284,51;284,51;0,00;по счётчику
2100667576;2026-08;Полив;187,62;187,62;0,00;по нормативу
2100671582;2026-06;ХВ;475,47;211,32;264,15;по счётчику
2100671582;2026-06;ХВО;228,23;101,43;126,80;по счётчику
2100671582;2026-07;ХВ;297,26;0,00;297,26;по счётчику
2100671582;2026-07;ХВО;142,68;0,00;142,68;по счётчику
2100671582;2026-08;ХВ;283,18;0,00;283,18;по счётчику
2100671582;2026-08;ХВО;135,93;0,00;135,93;по счётчику
2100677677;2026-06;ХВ;271,64;271,64;0,00;по счётчику
2100677677;2026-06;ХВО;130,39;130,39;0,00;по счётчику
2100677677;2026-07;ХВ;487,56;487,56;0,00;по счётчику
2100677677;2026-07;ХВО;234,03;234,03;0,00;по счётчику
2100677677;2026-08;ХВ;628,27;628,27;0,00;по счётчику
2100677677;2026-08;ХВО;301,57;301,57;0,00;по счётчику
2100682693;2026-06;ХВ;565,92;192,03;373,89;по счётчику
2100682693;2026-06;ХВО;271,64;92,17;179,47;по счётчику
2100682693;2026-07;ХВ;536,10;0,00;536,10;по счётчику
2100682693;2026-07;ХВО;257,33;0,00;257,33;по счётчику
2100682693;2026-08;ХВ;199,52;0,00;199,52;по счётчику
2100682693;2026-08;ХВО;95,77;0,00;95,77;по счётчику
2100687778;2026-06;ХВ;460,49;460,49;0,00;по счётчику
2100687778;2026-06;ХВО;221,04;221,04;0,00;по счётчику
2100687778;2026-06;Полив;167,41;167,41;0,00;по нормативу
2100687778;2026-07;ХВ;445,63;124,29;321,34;по счётчику
2100687778;2026-07;ХВО;213,90;59,66;154,24;по счётчику
2100687778;2026-07;Полив;97,53;27,20;70,33;по нормативу
2100687778;2026-08;ХВ;645,59;0,00;645,59;по счётчику
2100687778;2026-08;ХВО;309,88;0,00;309,88;по счётчику
2100687778;2026-08;Полив;140,70;0,00;140,70;по нормативу
2100693704;2026-06;ХВ;271,53;271,53;0,00;по нормативу
2100693704;2026-06;ХВО;130,33;130,33;0,00;по нормативу
2100693704;2026-07;ХВ;559,80;559,80;0,00;по нормативу
2100693704;2026-07;ХВО;268,70;268,70;0,00;по нормативу
2100693704;2026-08;ХВ;467,13;467,13;0,00;по нормативу
2100693704;2026-08;ХВО;224,22;224,22;0,00;по нормативу
2100697879;2026-06;ХВ;401,70;401,70;0,00;перерасчёт
2100697879;2026-06;ХВО;192,82;192,82;0,00;перерасчёт
2100697879;2026-07;ХВ;281,96;281,96;0,00;по счётчику
2100697879;2026-07;ХВО;135,34;135,34;0,00;по счётчику
2100697879;2026-08;ХВ;631,63;631,63;0,00;перерасчёт
2100697879;2026-08;ХВО;303,18;303,18;0,00;перерасчёт
2100704815;2026-06;ХВ;196,41;196,41;0,00;по счётчику
2100704815;2026-06;ХВО;94,28;94,28;0,00;по счётчику
2100704815;2026-07;ХВ;262,03;262,03;0,00;по счётчику
2100704815;2026-07;ХВО;125,77;125,77;0,00;по счётчику
2100704815;2026-08;ХВ;431,73;431,73;0,00;по счётчику
2100704815;2026-08;ХВО;207,23;207,23;0,00;по счётчику
2100707718;2026-06;ХВ;581,52;581,52;0,00;по счётчику
2100707718;2026-06;ХВО;279,13;279,13;0,00;по счётчику
2100707718;2026-07;ХВ;221,91;188,73;33,18;по счётчику
2100707718;2026-07;ХВО;106,52;90,60;15,92;по счётчику
2100707718;2026-08;ХВ;191,00;0,00;191,00;по счётчику
2100707718;2026-08;ХВО;91,68;0,00;91,68;по счётчику
2100707980;2026-06;ХВ;290,67;290,67;0,00;по счётчику
2100707980;2026-06;ХВО;139,52;139,52;0,00;по счётчику
2100707980;2026-06;Полив;170,17;170,17;0,00;по нормативу
2100707980;2026-07;ХВ;578,75;578,75;0,00;по счётчику
2100707980;2026-07;ХВО;277,80;277,80;0,00;по счётчику
2100707980;2026-07;Полив;143,93;143,93;0,00;по нормативу
2100707980;2026-08;ХВ;265,73;265,73;0,00;по счётчику
2100707980;2026-08;ХВО;127,55;127,55;0,00;по счётчику
2100707980;2026-08;Полив;181,16;181,16;0,00;по нормативу
2100715926;2026-06;ХВ;531,18;531,18;0,00;по счётчику
2100715926;2026-06;ХВО;254,97;254,97;0,00;по счётчику
2100715926;2026-07;ХВ;523,47;523,47;0,00;по счётчику
2100715926;2026-07;ХВО;251,27;251,27;0,00;по счётчику
2100715926;2026-08;ХВ;445,91;445,91;0,00;по счётчику
2100715926;2026-08;ХВО;214,04;214,04;0,00;по счётчику
2100718081;2026-06;ХВ;447,71;447,71;0,00;по нормативу
2100718081;2026-06;ХВО;214,90;214,90;0,00;по нормативу
2100718081;2026-07;ХВ;303,27;303,27;0,00;по нормативу
2100718081;2026-07;ХВО;145,57;145,57;0,00;по нормативу
2100718081;2026-08;ХВ;594,99;594,99;0,00;перерасчёт
2100718081;2026-08;ХВО;285,60;285,60;0,00;перерасчёт
2100726037;2026-06;ХВ;183,25;183,25;0,00;перерасчёт
2100726037;2026-06;ХВО;87,96;87,96;0,00;перерасчёт
2100726037;2026-07;ХВ;540,98;540,98;0,00;по счётчику
2100726037;2026-07;ХВО;259,67;259,67;0,00;по счётчику
2100726037;2026-08;ХВ;247,17;247,17;0,00;по счётчику
2100726037;2026-08;ХВО;118,64;118,64;0,00;по счётчику
2100728182;2026-06;ХВ;289,39;289,39;0,00;по счётчику
2100728182;2026-06;ХВО;138,91;138,91;0,00;по счётчику
2100728182;2026-07;ХВ;557,00;557,00;0,00;по счётчику
2100728182;2026-07;ХВО;267,36;267,36;0,00;по счётчику
2100728182;2026-08;ХВ;366,64;366,64;0,00;по счётчику
2100728182;2026-08;ХВО;175,99;175,99;0,00;по счётчику
2100737148;2026-06;ХВ;183,91;183,91;0,00;по счётчику
2100737148;2026-06;ХВО;88,28;88,28;0,00;по счётчику
2100737148;2026-07;ХВ;271,47;271,47;0,00;перерасчёт
2100737148;2026-07;ХВО;130,31;130,31;0,00;перерасчёт
2100737148;2026-08;ХВ;536,72;536,72;0,00;по счётчику
2100737148;2026-08;ХВО;257,63;257,63;0,00;по счётчику
2100738283;2026-06;ХВ;492,11;492,11;0,00;по счётчику
2100738283;2026-06;ХВО;236,21;236,21;0,00;по счётчику
2100738283;2026-07;ХВ;216,99;216,99;0,00;по счётчику
2100738283;2026-07;ХВО;104,16;104,16;0,00;по счётчику
2100738283;2026-08;ХВ;349,93;6,69;343,24;по счётчику
2100738283;2026-08;ХВО;167,97;3,21;164,76;по счётчику
2100748259;2026-06;ХВ;181,12;181,12;0,00;по счётчику
2100748259;2026-06;ХВО;86,94;86,94;0,00;по счётчику
2100748259;2026-07;ХВ;465,15;465,15;0,00;по счётчику
2100748259;2026-07;ХВО;223,27;223,27;0,00;по счётчику
2100748259;2026-08;ХВ;546,19;546,19;0,00;по счётчику
2100748259;2026-08;ХВО;262,17;262,17;0,00;по счётчику
2100748384;2026-06;ХВ;452,22;452,22;0,00;по нормативу
2100748384;2026-06;ХВО;217,07;217,07;0,00;по нормативу
2100748384;2026-06;ГВ;687,78;687,78;0,00;по нормативу
2100748384;2026-06;ГВО;330,13;330,13;0,00;по нормативу
2100748384;2026-07;ХВ;581,82;581,82;0,00;по нормативу
2100748384;2026-07;ХВО;279,27;279,27;0,00;по нормативу
2100748384;2026-07;ГВ;785,56;785,56;0,00;по нормативу
2100748384;2026-07;ГВО;377,07;377,07;0,00;по нормативу
2100748384;2026-08;ХВ;594,98;594,98;0,00;по нормативу
2100748384;2026-08;ХВО;285,59;285,59;0,00;по нормативу
2100748384;2026-08;ГВ;804,04;804,04;0,00;по нормативу
2100748384;2026-08;ГВО;385,94;385,94;0,00;по нормативу
2100758485;2026-06;ХВ;342,54;342,54;0,00;по счётчику
2100758485;2026-06;ХВО;164,42;164,42;0,00;по счётчику
2100758485;2026-06;Полив;240,84;240,84;0,00;по нормативу
2100758485;2026-07;ХВ;327,70;327,70;0,00;по счётчику
2100758485;2026-07;ХВО;157,30;157,30;0,00;по счётчику
2100758485;2026-07;Полив;141,74;141,74;0,00;по нормативу
2100758485;2026-08;ХВ;304,76;304,76;0,00;по счётчику
2100758485;2026-08;ХВО;146,28;146,28;0,00;по счётчику
2100758485;2026-08;Полив;239,40;239,40;0,00;по нормативу
2100759360;2026-06;ХВ;342,78;342,78;0,00;по счётчику
2100759360;2026-06;ХВО;164,53;164,53;0,00;по счётчику
2100759360;2026-07;ХВ;457,17;457,17;0,00;по счётчику
2100759360;2026-07;ХВО;219,44;219,44;0,00;по счётчику
2100759360;2026-08;ХВ;181,56;181,56;0,00;по счётчику
2100759360;2026-08;ХВО;87,15;87,15;0,00;по счётчику
2100760471;2026-06;ХВ;457,27;457,27;0,00;по счётчику
2100760471;2026-06;ХВО;219,49;219,49;0,00;по счётчику
2100760471;2026-07;ХВ;465,92;465,92;0,00;по счётчику
2100760471;2026-07;ХВО;223,64;223,64;0,00;по счётчику
2100760471;2026-08;ХВ;649,58;649,58;0,00;по счётчику
2100760471;2026-08;ХВО;311,80;311,80;0,00;по счётчику
2100768586;2026-06;ХВ;519,80;234,01;285,79;по счётчику
2100768586;2026-06;ХВО;249,50;112,33;137,17;по счётчику
2100768586;2026-07;ХВ;512,65;0,00;512,65;по счётчику
2100768586;2026-07;ХВО;246,07;0,00;246,07;по счётчику
2100768586;2026-08;ХВ;647,85;0,00;647,85;по счётчику
2100768586;2026-08;ХВО;310,97;0,00;310,97;по счётчику
2100771582;2026-06;ХВ;448,16;448,16;0,00;по счётчику
2100771582;2026-06;ХВО;215,12;215,12;0,00;по счётчику
2100771582;2026-07;ХВ;316,75;316,75;0,00;по счётчику
2100771582;2026-07;ХВО;152,04;152,04;0,00;по счётчику
2100771582;2026-08;ХВ;265,47;265,47;0,00;по счётчику
2100771582;2026-08;ХВО;127,43;127,43;0,00;по счётчику
2100778687;2026-06;ХВ;340,12;340,12;0,00;по счётчику
2100778687;2026-06;ХВО;163,26;163,26;0,00;по счётчику
2100778687;2026-07;ХВ;415,18;415,18;0,00;по счётчику
2100778687;2026-07;ХВО;199,29;199,29;0,00;по счётчику
2100778687;2026-08;ХВ;583,72;583,72;0,00;по счётчику
2100778687;2026-08;ХВО;280,19;280,19;0,00;по счётчику
2100782693;2026-06;ХВ;545,11;545,11;0,00;по счётчику
2100782693;2026-06;ХВО;261,65;261,65;0,00;по счётчику
2100782693;2026-07;ХВ;647,24;647,24;0,00;по счётчику
2100782693;2026-07;ХВО;310,68;310,68;0,00;по счётчику
2100782693;2026-08;ХВ;396,15;396,15;0,00;по счётчику
2100782693;2026-08;ХВО;190,15;190,15;0,00;по счётчику
2100788788;2026-06;ХВ;461,08;461,08;0,00;по счётчику
2100788788;2026-06;ХВО;221,32;221,32;0,00;по счётчику
2100788788;2026-06;Полив;178,53;178,53;0,00;по нормативу
2100788788;2026-07;ХВ;190,43;190,43;0,00;по счётчику
2100788788;2026-07;ХВО;91,41;91,41;0,00;по счётчику
2100788788;2026-07;Полив;129,44;129,44;0,00;по нормативу
2100788788;2026-08;ХВ;513,29;513,29;0,00;по счётчику
2100788788;2026-08;ХВО;246,38;246,38;0,00;по счётчику
2100788788;2026-08;Полив;152,74;152,74;0,00;по нормативу
2100798889;2026-06;ХВ;574,48;574,48;0,00;перерасчёт
2100798889;2026-06;ХВО;275,75;275,75;0,00;перерасчёт
2100798889;2026-07;ХВ;469,28;469,28;0,00;по счётчику
2100798889;2026-07;ХВО;225,25;225,25;0,00;по счётчику
2100798889;2026-08;ХВ;268,42;268,42;0,00;по счётчику
2100798889;2026-08;ХВО;128,84;128,84;0,00;по счётчику
2100808819;2026-06;ХВ;367,78;367,78;0,00;по счётчику
2100808819;2026-06;ХВО;176,53;176,53;0,00;по счётчику
2100808819;2026-06;Полив;194,57;194,57;0,00;по нормативу
2100808819;2026-07;ХВ;436,24;436,24;0,00;перерасчёт
2100808819;2026-07;ХВО;209,40;209,40;0,00;перерасчёт
2100808819;2026-07;Полив;159,89;159,89;0,00;по нормативу
2100808819;2026-08;ХВ;190,30;190,30;0,00;по счётчику
2100808819;2026-08;ХВО;91,34;91,34;0,00;по счётчику
2100808819;2026-08;Полив;242,60;242,60;0,00;по нормативу
2100808990;2026-06;ХВ;649,63;649,63;0,00;по счётчику
2100808990;2026-06;ХВО;311,82;311,82;0,00;по счётчику
2100808990;2026-07;ХВ;468,77;175,24;293,53;по счётчику
2100808990;2026-07;ХВО;225,01;84,11;140,90;по счётчику
2100808990;2026-08;ХВ;359,98;0,00;359,98;по счётчику
2100808990;2026-08;ХВО;172,79;0,00;172,79;по счётчику
2100815926;2026-06;ХВ;349,74;349,74;0,00;по счётчику
2100815926;2026-06;ХВО;167,88;167,88;0,00;по счётчику
2100815926;2026-07;ХВ;328,65;328,65;0,00;по счётчику
2100815926;2026-07;ХВО;157,75;157,75;0,00;по счётчику
2100815926;2026-08;ХВ;457,02;457,02;0,00;перерасчёт
2100815926;2026-08;ХВО;219,37;219,37;0,00;перерасчёт
2100819091;2026-06;ХВ;590,63;590,63;0,00;по нормативу
2100819091;2026-06;ХВО;283,50;283,50;0,00;по нормативу
2100819091;2026-07;ХВ;252,29;252,29;0,00;перерасчёт
2100819091;2026-07;ХВО;121,10;121,10;0,00;перерасчёт
2100819091;2026-08;ХВ;348,14;348,14;0,00;по нормативу
2100819091;2026-08;ХВО;167,11;167,11;0,00;по нормативу
2100826037;2026-06;ХВ;575,79;575,79;0,00;по нормативу
2100826037;2026-06;ХВО;276,38;276,38;0,00;по нормативу
2100826037;2026-06;ГВ;669,53;669,53;0,00;по нормативу
2100826037;2026-06;ГВО;321,37;321,37;0,00;по нормативу
2100826037;2026-06;Полив;125,16;125,16;0,00;по нормативу
2100826037;2026-07;ХВ;221,52;221,52;0,00;по нормативу
2100826037;2026-07;ХВО;106,33;106,33;0,00;по нормативу
2100826037;2026-07;ГВ;829,78;829,78;0,00;по нормативу
2100826037;2026-07;ГВО;398,29;398,29;0,00;по нормативу
2100826037;2026-07;Полив;231,69;231,69;0,00;по нормативу
2100826037;2026-08;ХВ;279,94;279,94;0,00;перерасчёт
2100826037;2026-08;ХВО;134,37;134,37;0,00;перерасчёт
2100826037;2026-08;ГВ;952,61;952,61;0,00;по нормативу
2100826037;2026-08;ГВО;457,25;457,25;0,00;по нормативу
2100826037;2026-08;Полив;94,84;94,84;0,00;по нормативу
2100829192;2026-06;ХВ;468,26;468,26;0,00;по счётчику
2100829192;2026-06;ХВО;224,76;224,76;0,00;по счётчику
2100829192;2026-07;ХВ;526,47;526,47;0,00;по счётчику
2100829192;2026-07;ХВО;252,71;252,71;0,00;по счётчику
2100829192;2026-08;ХВ;455,67;455,67;0,00;по счётчику
2100829192;2026-08;ХВО;218,72;218,72;0,00;по счётчику
2100837148;2026-06;ХВ;557,27;557,27;0,00;по счётчику
2100837148;2026-06;ХВО;267,49;267,49;0,00;по счётчику
2100837148;2026-07;ХВ;291,29;291,29;0,00;по счётчику
2100837148;2026-07;ХВО;139,82;139,82;0,00;по счётчику
2100837148;2026-08;ХВ;513,73;513,73;0,00;по счётчику
2100837148;2026-08;ХВО;246,59;246,59;0,00;по счётчику
2100839293;2026-06;ХВ;573,25;573,25;0,00;по счётчику
2100839293;2026-06;ХВО;275,16;275,16;0,00;по счётчику
2100839293;2026-07;ХВ;630,47;630,47;0,00;по счётчику
2100839293;2026-07;ХВО;302,63;302,63;0,00;по счётчику
2100839293;2026-08;ХВ;470,87;470,87;0,00;по счётчику
2100839293;2026-08;ХВО;226,02;226,02;0,00;по счётчику
2100848259;2026-06;ХВ;641,51;641,51;0,00;перерасчёт
2100848259;2026-06;ХВО;307,92;307,92;0,00;перерасчёт
2100848259;2026-07;ХВ;461,84;461,84;0,00;по счётчику
2100848259;2026-07;ХВО;221,68;221,68;0,00;по счётчику
2100848259;2026-08;ХВ;642,42;642,42;0,00;по счётчику
2100848259;2026-08;ХВО;308,36;308,36;0,00;по счётчику
2100849394;2026-06;ХВ;577,49;577,49;0,00;по нормативу
2100849394;2026-06;ХВО;277,20;277,20;0,00;по нормативу
2100849394;2026-06;ГВ;647,21;647,21;0,00;по нормативу
2100849394;2026-06;ГВО;310,66;310,66;0,00;по нормативу
2100849394;2026-07;ХВ;238,41;238,41;0,00;по нормативу
2100849394;2026-07;ХВО;114,44;114,44;0,00;по нормативу
2100849394;2026-07;ГВ;328,60;328,60;0,00;по нормативу
2100849394;2026-07;ГВО;157,73;157,73;0,00;по нормативу
2100849394;2026-08;ХВ;300,16;300,16;0,00;по нормативу
2100849394;2026-08;ХВО;144,08;144,08;0,00;по нормативу
2100849394;2026-08;ГВ;483,81;483,81;0,00;по нормативу
2100849394;2026-08;ГВО;232,23;232,23;0,00;по нормативу
2100859360;2026-06;ХВ;216,94;216,94;0,00;по счётчику
2100859360;2026-06;ХВО;104,13;104,13;0,00;по счётчику
2100859360;2026-07;ХВ;354,64;222,26;132,38;по счётчику
2100859360;2026-07;ХВО;170,23;106,68;63,55;по счётчику
2100859360;2026-08;ХВ;210,86;0,00;210,86;по счётчику
2100859360;2026-08;ХВО;101,21;0,00;101,21;по счётчику
2100859495;2026-06;ХВ;267,35;0,00;267,35;по счётчику
2100859495;2026-06;ХВО;128,33;0,00;128,33;по счётчику
2100859495;2026-07;ХВ;447,50;0,00;447,50;по счётчику
2100859495;2026-07;ХВО;214,80;0,00;214,80;по счётчику
2100859495;2026-08;ХВ;362,36;0,00;362,36;по счётчику
2100859495;2026-08;ХВО;173,93;0,00;173,93;по счётчику
2100860471;2026-06;ХВ;257,29;257,29;0,00;по счётчику
2100860471;2026-06;ХВО;123,50;123,50;0,00;по счётчику
2100860471;2026-07;ХВ;406,36;406,36;0,00;по счётчику
2100860471;2026-07;ХВО;195,05;195,05;0,00;по счётчику
2100860471;2026-08;ХВ;551,41;551,41;0,00;по счётчику
2100860471;2026-08;ХВО;264,68;264,68;0,00;по счётчику
2100869596;2026-06;ХВ;244,39;244,39;0,00;по счётчику
2100869596;2026-06;ХВО;117,31;117,31;0,00;по счётчику
2100869596;2026-07;ХВ;248,18;248,18;0,00;по счётчику
2100869596;2026-07;ХВО;119,13;119,13;0,00;по счётчику
2100869596;2026-08;ХВ;286,40;286,40;0,00;по счётчику
2100869596;2026-08;ХВО;137,47;137,47;0,00;по счётчику
2100871582;2026-06;ХВ;286,08;286,08;0,00;по счётчику
2100871582;2026-06;ХВО;137,32;137,32;0,00;по счётчику
2100871582;2026-06;Полив;172,90;172,90;0,00;по нормативу
2100871582;2026-07;ХВ;292,40;292,40;0,00;по счётчику
2100871582;2026-07;ХВО;140,35;140,35;0,00;по счётчику
2100871582;2026-07;Полив;134,99;134,99;0,00;по нормативу
2100871582;2026-08;ХВ;560,67;388,63;172,04;перерасчёт
2100871582;2026-08;ХВО;269,12;186,54;82,58;перерасчёт
2100871582;2026-08;Полив;251,48;174,32;77,16;по нормативу
2100879697;2026-06;ХВ;557,86;557,86;0,00;по счётчику
2100879697;2026-06;ХВО;267,77;267,77;0,00;по счётчику
2100879697;2026-06;Полив;106,63;106,63;0,00;по нормативу
2100879697;2026-07;ХВ;455,09;455,09;0,00;по счётчику
2100879697;2026-07;ХВО;218,44;218,44;0,00;по счётчику
2100879697;2026-07;Полив;187,85;187,85;0,00;по нормативу
2100879697;2026-08;ХВ;343,81;343,81;0,00;по счётчику
2100879697;2026-08;ХВО;165,03;165,03;0,00;по счётчику
2100879697;2026-08;Полив;257,45;257,45;0,00;по нормативу
2100889798;2026-06;ХВ;342,29;342,29;0,00;по счётчику
2100889798;2026-06;ХВО;164,30;164,30;0,00;по счётчику
2100889798;2026-07;ХВ;592,67;592,67;0,00;по счётчику
2100889798;2026-07;ХВО;284,48;284,48;0,00;по счётчику
2100889798;2026-08;ХВ;434,20;124,81;309,39;по счётчику
2100889798;2026-08;ХВО;208,42;59,91;148,51;по счётчику
2100899899;2026-06;ХВ;472,80;472,80;0,00;по счётчику
2100899899;2026-06;ХВО;226,94;226,94;0,00;по счётчику
2100899899;2026-07;ХВ;466,37;466,37;0,00;по счётчику
2100899899;2026-07;ХВО;223,86;223,86;0,00;по счётчику
2100899899;2026-08;ХВ;597,47;597,47;0,00;по счётчику
2100899899;2026-08;ХВО;286,79;286,79;0,00;по счётчику
2100904815;2026-06;ХВ;465,83;465,83;0,00;по счётчику
2100904815;2026-06;ХВО;223,60;223,60;0,00;по счётчику
2100904815;2026-07;ХВ;512,65;512,65;0,00;по счётчику
2100904815;2026-07;ХВО;246,07;246,07;0,00;по счётчику
2100904815;2026-08;ХВ;576,83;576,83;0,00;по счётчику
2100904815;2026-08;ХВО;276,88;276,88;0,00;по счётчику
2100909900;2026-06;ХВ;269,53;269,53;0,00;по счётчику
2100909900;2026-06;ХВО;129,37;129,37;0,00;по счётчику
2100909900;2026-07;ХВ;468,98;468,98;0,00;по счётчику
2100909900;2026-07;ХВО;225,11;225,11;0,00;по счётчику
2100909900;2026-08;ХВ;343,79;343,79;0,00;по счётчику
2100909900;2026-08;ХВО;165,02;165,02;0,00;по счётчику
2100909920;2026-06;ХВ;264,60;264,60;0,00;по нормативу
2100909920;2026-06;ХВО;127,01;127,01;0,00;по нормативу
2100909920;2026-06;ГВ;328,26;328,26;0,00;по нормативу
2100909920;2026-06;ГВО;157,56;157,56;0,00;по нормативу
2100909920;2026-07;ХВ;326,70;326,70;0,00;по нормативу
2100909920;2026-07;ХВО;156,82;156,82;0,00;по нормативу
2100909920;2026-07;ГВ;906,17;906,17;0,00;по нормативу
2100909920;2026-07;ГВО;434,96;434,96;0,00;по нормативу
2100909920;2026-08;ХВ;315,92;315,92;0,00;по нормативу
2100909920;2026-08;ХВО;151,64;151,64;0,00;по нормативу
2100909920;2026-08;ГВ;832,69;832,69;0,00;по нормативу
2100909920;2026-08;ГВО;399,69;399,69;0,00;по нормативу
2100910001;2026-06;ХВ;197,76;197,76;0,00;по нормативу
2100910001;2026-06;ХВО;94,92;94,92;0,00;по нормативу
2100910001;2026-07;ХВ;187,03;187,03;0,00;по нормативу
2100910001;2026-07;ХВО;89,77;89,77;0,00;по нормативу
2100910001;2026-08;ХВ;473,76;473,76;0,00;по нормативу
2100910001;2026-08;ХВО;227,40;227,40;0,00;по нормативу
2100915926;2026-06;ХВ;515,43;515,43;0,00;по счётчику
2100915926;2026-06;ХВО;247,41;247,41;0,00;по счётчику
2100915926;2026-07;ХВ;613,17;613,17;0,00;по счётчику
2100915926;2026-07;ХВО;294,32;294,32;0,00;по счётчику
2100915926;2026-08;ХВ;640,28;640,28;0,00;по счётчику
2100915926;2026-08;ХВО;307,33;307,33;0,00;по счётчику
2100926037;2026-06;ХВ;307,83;307,83;0,00;по нормативу
2100926037;2026-06;ХВО;147,76;147,76;0,00;по нормативу
2100926037;2026-06;ГВ;597,47;597,47;0,00;по нормативу
2100926037;2026-06;ГВО;286,79;286,79;0,00;по нормативу
2100926037;2026-07;ХВ;281,85;281,85;0,00;по нормативу
2100926037;2026-07;ХВО;135,29;135,29;0,00;по нормативу
2100926037;2026-07;ГВ;732,30;732,30;0,00;по нормативу
2100926037;2026-07;ГВО;351,50;351,50;0,00;по нормативу
2100926037;2026-08;ХВ;644,51;70,25;574,26;по нормативу
2100926037;2026-08;ХВО;309,36;33,72;275,64;по нормативу
2100926037;2026-08;ГВ;730,89;79,67;651,22;по нормативу
2100926037;2026-08;ГВО;350,83;38,25;312,58;по нормативу
2100930203;2026-06;ХВ;326,51;326,51;0,00;по счётчику
2100930203;2026-06;ХВО;156,72;156,72;0,00;по счётчику
2100930203;2026-06;Полив;234,92;234,92;0,00;по нормативу
2100930203;2026-07;ХВ;189,57;189,57;0,00;по счётчику
2100930203;2026-07;ХВО;90,99;90,99;0,00;по счётчику
2100930203;2026-07;Полив;180,59;180,59;0,00;по нормативу
2100930203;2026-08;ХВ;444,24;444,24;0,00;по счётчику
2100930203;2026-08;ХВО;213,24;213,24;0,00;по счётчику
2100930203;2026-08;Полив;257,02;257,02;0,00;по нормативу
2100937148;2026-06;ХВ;248,36;248,36;0,00;по счётчику
2100937148;2026-06;ХВО;119,21;119,21;0,00;по счётчику
2100937148;2026-07;ХВ;378,59;378,59;0,00;по счётчику
2100937148;2026-07;ХВО;181,72;181,72;0,00;по счётчику
2100937148;2026-08;ХВ;550,06;550,06;0,00;по счётчику
2100937148;2026-08;ХВО;264,03;264,03;0,00;по счётчику
2100940304;2026-06;ХВ;304,92;304,92;0,00;по нормативу
2100940304;2026-06;ХВО;146,36;146,36;0,00;по нормативу
2100940304;2026-06;ГВ;854,78;854,78;0,00;по нормативу
2100940304;2026-06;ГВО;410,29;410,29;0,00;по нормативу
2100940304;2026-07;ХВ;214,65;214,65;0,00;по нормативу
2100940304;2026-07;ХВО;103,03;103,03;0,00;по нормативу
2100940304;2026-07;ГВ;864,45;864,45;0,00;по нормативу
2100940304;2026-07;ГВО;414,94;414,94;0,00;по нормативу
2100940304;2026-08;ХВ;622,72;622,72;0,00;по нормативу
2100940304;2026-08;ХВО;298,91;298,91;0,00;по нормативу
2100940304;2026-08;ГВ;605,79;605,79;0,00;по нормативу
2100940304;2026-08;ГВО;290,78;290,78;0,00;по нормативу
2100948259;2026-06;ХВ;245,34;245,34;0,00;по счётчику
2100948259;2026-06;ХВО;117,76;117,76;0,00;по счётчику
2100948259;2026-07;ХВ;233,25;233,25;0,00;по счётчику
2100948259;2026-07;ХВО;111,96;111,96;0,00;по счётчику
2100948259;2026-08;ХВ;338,55;338,55;0,00;по счётчику
2100948259;2026-08;ХВО;162,50;162,50;0,00;по счётчику
2100950405;2026-06;ХВ;359,55;359,55;0,00;по счётчику
2100950405;2026-06;ХВО;172,58;172,58;0,00;по счётчику
2100950405;2026-07;ХВ;507,39;507,39;0,00;по счётчику
2100950405;2026-07;ХВО;243,55;243,55;0,00;по счётчику
2100950405;2026-08;ХВ;388,25;388,25;0,00;по счётчику
2100950405;2026-08;ХВО;186,36;186,36;0,00;по счётчику
2100959360;2026-06;ХВ;476,81;476,81;0,00;перерасчёт
2100959360;2026-06;ХВО;228,87;228,87;0,00;перерасчёт
2100959360;2026-07;ХВ;551,90;551,90;0,00;по счётчику
2100959360;2026-07;ХВО;264,91;264,91;0,00;по счётчику
2100959360;2026-08;ХВ;420,82;420,82;0,00;по счётчику
2100959360;2026-08;ХВО;201,99;201,99;0,00;по счётчику
2100960471;2026-06;ХВ;398,77;398,77;0,00;по счётчику
2100960471;2026-06;ХВО;191,41;191,41;0,00;по счётчику
2100960471;2026-07;ХВ;432,02;432,02;0,00;по счётчику
2100960471;2026-07;ХВО;207,37;207,37;0,00;по счётчику
2100960471;2026-08;ХВ;535,81;535,81;0,00;по счётчику
2100960471;2026-08;ХВО;257,19;257,19;0,00;по счётчику
2100960506;2026-06;ХВ;348,38;348,38;0,00;по счётчику
2100960506;2026-06;ХВО;167,22;167,22;0,00;по счётчику
2100960506;2026-07;ХВ;419,26;419,26;0,00;по счётчику
2100960506;2026-07;ХВО;201,24;201,24;0,00;по счётчику
2100960506;2026-08;ХВ;209,64;209,64;0,00;по счётчику
2100960506;2026-08;ХВО;100,63;100,63;0,00;по счётчику
2100971582;2026-06;ХВ;357,90;0,00;357,90;по счётчику
2100971582;2026-06;ХВО;171,79;0,00;171,79;по счётчику
2100971582;2026-07;ХВ;581,52;0,00;581,52;по счётчику
2100971582;2026-07;ХВО;279,13;0,00;279,13;по счётчику
2100971582;2026-08;ХВ;193,51;0,00;193,51;по счётчику
2100971582;2026-08;ХВО;92,88;0,00;92,88;по счётчику
2100980708;2026-06;ХВ;221,05;221,05;0,00;по счётчику
2100980708;2026-06;ХВО;106,10;106,10;0,00;по счётчику
2100980708;2026-07;ХВ;460,24;460,24;0,00;по счётчику
2100980708;2026-07;ХВО;220,92;220,92;0,00;по счётчику
2100980708;2026-08;ХВ;249,96;249,96;0,00;по счётчику
2100980708;2026-08;ХВО;119,98;119,98;0,00;по счётчику
2100982693;2026-06;ХВ;575,94;575,94;0,00;по счётчику
2100982693;2026-06;ХВО;276,45;276,45;0,00;по счётчику
2100982693;2026-07;ХВ;187,42;187,42;0,00;по счётчику
2100982693;2026-07;ХВО;89,96;89,96;0,00;по счётчику
2100982693;2026-08;ХВ;292,77;292,77;0,00;по счётчику
2100982693;2026-08;ХВО;140,53;140,53;0,00;по счётчику
2100990809;2026-06;ХВ;623,28;623,28;0,00;по счётчику
2100990809;2026-06;ХВО;299,17;299,17;0,00;по счётчику
2100990809;2026-07;ХВ;644,13;644,13;0,00;по счётчику
2100990809;2026-07;ХВО;309,18;309,18;0,00;по счётчику
2100990809;2026-08;ХВ;359,68;359,68;0,00;перерасчёт
2100990809;2026-08;ХВО;172,65;172,65;0,00;перерасчёт
2100993704;2026-06;ХВ;223,57;223,57;0,00;по нормативу
2100993704;2026-06;ХВО;107,31;107,31;0,00;по нормативу
2100993704;2026-07;ХВ;604,99;604,99;0,00;по нормативу
2100993704;2026-07;ХВО;290,40;290,40;0,00;по нормативу
2100993704;2026-08;ХВ;181,15;181,15;0,00;по нормативу
2100993704;2026-08;ХВО;86,95;86,95;0,00;по нормативу
